Rule,Severity,Title,File,Line,Category,Affected Endpoint,Auto-Fixed
A3-004,MEDIUM,Potential missing index — ConsumerRepository.getAllConsumer(),,0,A3,GET /Consumer,NO
A3-004,MEDIUM,Potential missing index — ConsumerRepository.get(),,0,A3,POST /Consumerupdate,NO
A3-004,MEDIUM,Potential missing index — ConsumerRepository.update(),,0,A3,POST /Consumerupdate,NO
A3-004,MEDIUM,Potential missing index — ConsumerRepository.add(),,0,A3,POST /Consumeradd,NO
A3-004,MEDIUM,Potential missing index — ConfigurationRepository.getAllConfigurations(),,0,A3,GET /configuration,NO
A3-004,MEDIUM,Potential missing index — ConfigurationRepository.getConfiguration(),,0,A3,PUT /configuration,NO
A3-004,MEDIUM,Potential missing index — ConfigurationRepository.updateConfiguration(),,0,A3,PUT /configuration,NO
A2-003,HIGH,Synchronous REST call — AuthentiationServiceImpl.authenticate(),,0,A2,GET /authentication/authenticateUsingGet,NO
A2-003,HIGH,Synchronous REST call — AuthentiationServiceImpl.authenticate(),,0,A2,GET /authentication/authenticateUsingGet,NO
A2-005,HIGH,No timeout on REST client — RESOLVED_AT_RUNTIME,,0,A2,GET /authentication/authenticateUsingGet,NO
A2-005,HIGH,No timeout on REST client — RESOLVED_AT_RUNTIME,,0,A2,GET /authentication/authenticateUsingGet,NO
A2-006,MEDIUM,No circuit breaker on external call — RESOLVED_AT_RUNTIME,,0,A2,GET /authentication/authenticateUsingGet,NO
A2-006,MEDIUM,No circuit breaker on external call — RESOLVED_AT_RUNTIME,,0,A2,GET /authentication/authenticateUsingGet,NO
A2-003,HIGH,Synchronous REST call — AuthentiationServiceImpl.authenticate(),,0,A2,POST /authentication/token,NO
A2-003,HIGH,Synchronous REST call — AuthentiationServiceImpl.authenticate(),,0,A2,POST /authentication/token,NO
A2-005,HIGH,No timeout on REST client — RESOLVED_AT_RUNTIME,,0,A2,POST /authentication/token,NO
A2-005,HIGH,No timeout on REST client — RESOLVED_AT_RUNTIME,,0,A2,POST /authentication/token,NO
A2-006,MEDIUM,No circuit breaker on external call — RESOLVED_AT_RUNTIME,,0,A2,POST /authentication/token,NO
A2-006,MEDIUM,No circuit breaker on external call — RESOLVED_AT_RUNTIME,,0,A2,POST /authentication/token,NO
A3-004,MEDIUM,Potential missing index — ConsumerRepository.get(),,0,A3,POST /authentication/token,NO
A3-004,MEDIUM,Potential missing index — LicensePlateNumberRepository.byLicensePlateNumberAndCountry(),,0,A3,GET /licenceplates,NO
A3-004,MEDIUM,Potential missing index — LicensePlateNumberRepository.byLicensePlateNumberAndCountry(),,0,A3,GET /licenceplates/health,NO
A2-003,HIGH,Synchronous REST call — HealthServiceResource.getServiceHealth(),,0,A2,GET /servicehealth,NO
A2-005,HIGH,No timeout on REST client — RESOLVED_AT_RUNTIME,,0,A2,GET /servicehealth,NO
A2-006,MEDIUM,No circuit breaker on external call — RESOLVED_AT_RUNTIME,,0,A2,GET /servicehealth,NO
A3-004,MEDIUM,Potential missing index — VinBrandRepository.getBrand(),,0,A3,GET /activeContractsDAI,NO
A3-004,MEDIUM,Potential missing index — CicsConfigurationRepository.byBrandAndCountry(),,0,A3,GET /health/sagaiWarrantyHealth,NO
A3-004,MEDIUM,Potential missing index — SagaiDeployedRepository.getMarketCode(),,0,A3,GET /vinscontracts,NO
A3-004,MEDIUM,Potential missing index — SagaiDeployedRepository.getMarketCode(),,0,A3,GET /vinscontracts,NO
A3-004,MEDIUM,Potential missing index — SagaiDeployedRepository.getSagaiCountryID(),,0,A3,GET /vinscontracts,NO
A3-004,MEDIUM,Potential missing index — SagaiDeployedRepository.getCountryConfigValue(),,0,A3,GET /vinscontracts,NO
D1-001,MEDIUM,God class — 26 methods in ApplicationConfig,ApplicationConfig.java,0,D1,,NO
D1-001,MEDIUM,God class — 30 methods in VehicleDescriptionJsonResponse,VehicleDescriptionJsonResponse.java,0,D1,,NO
D1-004,LOW,Magic number 31 in hashCode(),VinAlcdvDetails.java,101,D1,,NO
D7-001,LOW,Deprecated API — Date used in VinAlcdvDetails,VinAlcdvDetails.java,33,D7,,NO
D7-001,LOW,Deprecated API — Date used in VinAlcdvDetails,VinAlcdvDetails.java,72,D7,,NO
D7-001,LOW,Deprecated API — Date used in VinAlcdvDetails,VinAlcdvDetails.java,81,D7,,NO
D7-001,LOW,Deprecated API — Date used in AbstractService,AbstractService.java,59,D7,,NO
D7-001,LOW,Deprecated API — Date used in AbstractService,AbstractService.java,63,D7,,NO
D1-002,MEDIUM,Long method — getAlcdvAttributes() is 38 lines,AlcdvServiceImpl.java,90,D1,,NO
D1-002,MEDIUM,Long method — callThub() is 43 lines,AlcdvServiceImpl.java,153,D1,,NO
D1-004,LOW,Magic number 80 in getRequestConfig(),AlcdvServiceImpl.java,219,D1,,NO
D1-004,LOW,Magic number 443 in getTargetHost(),AlcdvServiceImpl.java,232,D1,,NO
D1-004,LOW,Magic number 80 in getHttpClient(),AlcdvServiceImpl.java,255,D1,,NO
D1-002,MEDIUM,Long method — mapVinAlcdvAttributesResponse() is 33 lines,AlcdvServiceImpl.java,288,D1,,NO
D7-001,LOW,Deprecated API — Date used in AlcdvServiceImpl,AlcdvServiceImpl.java,273,D7,,NO
D11-001,CRITICAL,Hardcoded credential — API_KEY in Constants,Constants.java,24,D11,,YES
D11-001,CRITICAL,Hardcoded credential — PASSWORD in Constants,Constants.java,57,D11,,YES
D1-002,MEDIUM,Long method — getAlcdvHealth() is 43 lines,AlcdvResource.java,110,D1,,NO
D11-001,CRITICAL,Hardcoded credential — NULL_API_KEY in ResponseMessages,ResponseMessages.java,19,D11,,YES
D11-001,CRITICAL,Hardcoded credential — EMPTY_API_KEY in ResponseMessages,ResponseMessages.java,22,D11,,YES
D11-001,CRITICAL,Hardcoded credential — INVALID_API_KEY in ResponseMessages,ResponseMessages.java,25,D11,,YES
D1-004,LOW,Magic number 31 in hashCode(),TechdocReftechBrand.java,113,D1,,NO
D1-004,LOW,Magic number 31 in hashCode(),TechdocReftechCar.java,113,D1,,NO
D1-004,LOW,Magic number 31 in hashCode(),TechdocReftechModel.java,113,D1,,NO
D1-002,MEDIUM,Long method — mapTechdocAndReftechbrand() is 33 lines,TechdocReftechBrandServiceImpl.java,87,D1,,NO
D1-002,MEDIUM,Long method — mapTechdocAndReftechCar() is 32 lines,TechdocReftechCarServiceImpl.java,150,D1,,NO
D1-002,MEDIUM,Long method — processModelMapping() is 31 lines,TechdocReftechModelServiceImpl.java,84,D1,,NO
D11-001,CRITICAL,Hardcoded credential — REQUEST_HEADER_API_KEY in Constants,Constants.java,67,D11,,YES
D1-002,MEDIUM,Long method — getById() is 53 lines,ApiResource.java,84,D1,,NO
D1-004,LOW,Magic number 417 in getById(),ApiResource.java,90,D1,,NO
D1-004,LOW,Magic number 417 in add(),ApiResource.java,151,D1,,NO
D1-004,LOW,Magic number 417 in delete(),ApiResource.java,186,D1,,NO
D1-004,LOW,Magic number 401 in getConfiguration(),ConfigurationResource.java,79,D1,,NO
D1-004,LOW,Magic number 401 in updateConfiguration(),ConfigurationResource.java,115,D1,,NO
D1-004,LOW,Magic number 400 in getLanguageForBrands(),LanguageResource.java,57,D1,,NO
D1-002,MEDIUM,Long method — getById() is 42 lines,ServicesHealthResouce.java,80,D1,,NO
D1-004,LOW,Magic number 417 in getById(),ServicesHealthResouce.java,85,D1,,NO
D1-004,LOW,Magic number 417 in add(),ServicesHealthResouce.java,135,D1,,NO
D11-001,CRITICAL,Hardcoded credential — SECRET_KEY in AuthConstant,AuthConstant.java,24,D11,,YES
D11-001,CRITICAL,Hardcoded credential — API_KEY_NOT_VALIDATED in AuthConstant,AuthConstant.java,26,D11,,YES
D1-002,MEDIUM,Long method — generate() is 45 lines,AuthenticationResource.java,114,D1,,NO
D1-004,LOW,Magic number 401 in generate(),AuthenticationResource.java,120,D1,,NO
D1-002,MEDIUM,Long method — validateToken() is 58 lines,AuthenticationResource.java,167,D1,,NO
D1-004,LOW,Magic number 204 in validateToken(),AuthenticationResource.java,172,D1,,NO
D1-004,LOW,Magic number 401 in validateToken(),AuthenticationResource.java,172,D1,,NO
D1-004,LOW,Magic number 401 in validateRequestParameter(),AuthenticationResource.java,236,D1,,NO
D1-004,LOW,Magic number 31 in hashCode(),Aggregate.java,31,D1,,NO
D1-001,MEDIUM,God class — 26 methods in AuthentiationServiceImpl,AuthentiationServiceImpl.java,0,D1,,NO
D1-004,LOW,Magic number 5 in isEncryptedToken(),AuthentiationServiceImpl.java,641,D1,,NO
D7-001,LOW,Deprecated API — Date used in AuthentiationServiceImpl,AuthentiationServiceImpl.java,257,D7,,NO
D11-001,CRITICAL,Hardcoded credential — API_KEY in AuthentiationServiceImpl,AuthentiationServiceImpl.java,80,D11,,YES
D11-001,CRITICAL,Hardcoded credential — TOKEN_DATE_FORMAT in AuthentiationServiceImpl,AuthentiationServiceImpl.java,83,D11,,YES
D1-002,MEDIUM,Long method — isValid() is 47 lines,DataProcessingServiceImpl.java,57,D1,,NO
D1-004,LOW,Magic number 17 in isValid(),DataProcessingServiceImpl.java,64,D1,,NO
D7-001,LOW,Deprecated API — Date used in DataProcessingServiceImpl,DataProcessingServiceImpl.java,126,D7,,NO
D7-001,LOW,Deprecated API — Date used in DataProcessingServiceImpl,DataProcessingServiceImpl.java,152,D7,,NO
D7-001,LOW,Deprecated API — Date used in DataProcessingServiceImpl,DataProcessingServiceImpl.java,176,D7,,NO
D1-002,MEDIUM,Long method — isValid() is 46 lines,DataProcessingServiceImpl.java,51,D1,,NO
D1-004,LOW,Magic number 17 in isValid(),DataProcessingServiceImpl.java,58,D1,,NO
D1-002,MEDIUM,Long method — writeInvalidDataToCsv() is 33 lines,DataProcessingServiceImpl.java,100,D1,,NO
D7-001,LOW,Deprecated API — Date used in DataProcessingServiceImpl,DataProcessingServiceImpl.java,123,D7,,NO
D7-001,LOW,Deprecated API — Date used in DataProcessingServiceImpl,DataProcessingServiceImpl.java,157,D7,,NO
D7-001,LOW,Deprecated API — Date used in DataProcessingServiceImpl,DataProcessingServiceImpl.java,168,D7,,NO
D7-001,LOW,Deprecated API — Date used in BatchStepListener,BatchStepListener.java,34,D7,,NO
D7-001,LOW,Deprecated API — Date used in BatchStepListener,BatchStepListener.java,48,D7,,NO
D8-001,HIGH,Potential resource leak — FileWriter in beforeStep(),BatchStepListener.java,32,D8,,YES
D8-001,HIGH,Potential resource leak — FileWriter in afterStep(),BatchStepListener.java,45,D8,,YES
D1-002,MEDIUM,Long method — write() is 52 lines,NewFileWriter.java,67,D1,,NO
D1-001,MEDIUM,God class — 30 methods in FileServiceImpl,FileServiceImpl.java,0,D1,,NO
D1-002,MEDIUM,Long method — processFiles() is 39 lines,FileServiceImpl.java,155,D1,,NO
D1-002,MEDIUM,Long method — processFile() is 346 lines,FileServiceImpl.java,204,D1,,NO
D1-002,MEDIUM,Long method — insert() is 57 lines,FileServiceImpl.java,555,D1,,NO
D1-004,LOW,Magic number 3 in insert(),FileServiceImpl.java,579,D1,,NO
D1-004,LOW,Magic number 3 in insert(),FileServiceImpl.java,581,D1,,NO
D1-004,LOW,Magic number 4 in insert(),FileServiceImpl.java,586,D1,,NO
D1-004,LOW,Magic number 4 in insert(),FileServiceImpl.java,588,D1,,NO
D1-004,LOW,Magic number 5 in insert(),FileServiceImpl.java,593,D1,,NO
D1-004,LOW,Magic number 5 in insert(),FileServiceImpl.java,595,D1,,NO
D1-004,LOW,Magic number 6 in insert(),FileServiceImpl.java,600,D1,,NO
D1-004,LOW,Magic number 6 in insert(),FileServiceImpl.java,602,D1,,NO
D1-004,LOW,Magic number 7 in insert(),FileServiceImpl.java,606,D1,,NO
D1-004,LOW,Magic number 8 in insert(),FileServiceImpl.java,609,D1,,NO
D1-004,LOW,Magic number 5 in retrieveData(),FileServiceImpl.java,627,D1,,NO
D1-002,MEDIUM,Long method — generateRegistration() is 65 lines,FileServiceImpl.java,646,D1,,NO
D1-004,LOW,Magic number 4 in generateRegistration(),FileServiceImpl.java,653,D1,,NO
D1-004,LOW,Magic number 5 in generateImmatImlBrand(),FileServiceImpl.java,724,D1,,NO
D1-004,LOW,Magic number 5 in generateImmatImlCountry(),FileServiceImpl.java,750,D1,,NO
D1-004,LOW,Magic number 5 in generateImmatImlRegistration(),FileServiceImpl.java,776,D1,,NO
D1-004,LOW,Magic number 5 in generateImmatImlVin(),FileServiceImpl.java,802,D1,,NO
D1-004,LOW,Magic number 3 in generateImmatImlVin(),FileServiceImpl.java,803,D1,,NO
D1-004,LOW,Magic number 5 in generateImmatImlRegDate(),FileServiceImpl.java,829,D1,,NO
D1-004,LOW,Magic number 4 in generateImmatImlRegDate(),FileServiceImpl.java,830,D1,,NO
D1-002,MEDIUM,Long method — fetchParameter() is 42 lines,FileServiceImpl.java,1065,D1,,NO
D6-001,CRITICAL,SQL INJECTION — string concatenation in insert(),FileServiceImpl.java,555,D6,,YES
D7-001,LOW,Deprecated API — Date used in FileServiceImpl,FileServiceImpl.java,101,D7,,NO
D7-001,LOW,Deprecated API — Date used in FileServiceImpl,FileServiceImpl.java,176,D7,,NO
D7-001,LOW,Deprecated API — Date used in FileServiceImpl,FileServiceImpl.java,176,D7,,NO
D7-001,LOW,Deprecated API — Date used in FileServiceImpl,FileServiceImpl.java,181,D7,,NO
D7-001,LOW,Deprecated API — Date used in FileServiceImpl,FileServiceImpl.java,181,D7,,NO
D7-001,LOW,Deprecated API — Date used in FileServiceImpl,FileServiceImpl.java,687,D7,,NO
D8-001,HIGH,Potential resource leak — BufferedReader in processFile(),FileServiceImpl.java,204,D8,,YES
D8-001,HIGH,Potential resource leak — FileInputStream in processFile(),FileServiceImpl.java,204,D8,,YES
D8-001,HIGH,Potential resource leak — InputStream in processFile(),FileServiceImpl.java,204,D8,,YES
D8-001,HIGH,Potential resource leak — PreparedStatement in insert(),FileServiceImpl.java,555,D8,,YES
D7-001,LOW,Deprecated API — Date used in BatchStepListener,BatchStepListener.java,34,D7,,NO
D7-001,LOW,Deprecated API — Date used in BatchStepListener,BatchStepListener.java,47,D7,,NO
D1-002,MEDIUM,Long method — deleteRecords() is 45 lines,DeadKtypeDataServiceImpl.java,55,D1,,NO
D7-001,LOW,Deprecated API — Date used in DeadKtypeDataServiceImpl,DeadKtypeDataServiceImpl.java,120,D7,,NO
D7-001,LOW,Deprecated API — Date used in DeadKtypeDataServiceImpl,DeadKtypeDataServiceImpl.java,124,D7,,NO
D6-001,CRITICAL,SQL INJECTION — string concatenation in generate(),CinPostgreSequenceGenerator.java,33,D6,,YES
D7-001,LOW,Deprecated API — Date used in BatchJobListener,BatchJobListener.java,63,D7,,NO
D7-001,LOW,Deprecated API — Date used in BatchJobListener,BatchJobListener.java,99,D7,,NO
D1-002,MEDIUM,Long method — write() is 36 lines,CarSelectorWriter.java,47,D1,,NO
D7-001,LOW,Deprecated API — Date used in FamilyWriter,FamilyWriter.java,137,D7,,NO
D1-002,MEDIUM,Long method — setLcdvVersion16Data() is 31 lines,LcdvVersion16Writer.java,89,D1,,NO
D7-001,LOW,Deprecated API — Date used in LcdvVersion16Writer,LcdvVersion16Writer.java,66,D7,,NO
D7-001,LOW,Deprecated API — Date used in LcdvVersion16Writer,LcdvVersion16Writer.java,71,D7,,NO
D1-002,MEDIUM,Long method — write() is 38 lines,LcdvWriter.java,59,D1,,NO
D1-002,MEDIUM,Long method — handleFamily() is 41 lines,LcdvWriter.java,107,D1,,NO
D7-001,LOW,Deprecated API — Date used in LcdvWriter,LcdvWriter.java,85,D7,,NO
D1-002,MEDIUM,Long method — handlePhraseLabel() is 59 lines,PhraseWriter.java,165,D1,,NO
D1-002,MEDIUM,Long method — updateRcvModel() is 35 lines,RcvModelWriter.java,112,D1,,NO
D1-002,MEDIUM,Long method — setGroupCountrySaleData() is 41 lines,RegroupmentWriter.java,83,D1,,NO
D1-001,MEDIUM,God class — 28 methods in VehicleCommercialWriter,VehicleCommercialWriter.java,0,D1,,NO
D1-002,MEDIUM,Long method — write() is 31 lines,VehicleCommercialWriter.java,73,D1,,NO
D1-002,MEDIUM,Long method — setApplicabilitieData() is 36 lines,VehicleCommercialWriter.java,156,D1,,NO
D1-002,MEDIUM,Long method — setImageData() is 31 lines,VehicleCommercialWriter.java,258,D1,,NO
D1-002,MEDIUM,Long method — call() is 60 lines,TechDocCommandLineHandler.java,68,D1,,NO
D7-001,LOW,Deprecated API — Date used in TechDocCommandLineHandler,TechDocCommandLineHandler.java,168,D7,,NO
D6-001,CRITICAL,SQL INJECTION — string concatenation in generate(),CinPostgreSequenceGenerator.java,30,D6,,YES
D1-002,MEDIUM,Long method — setFileName() is 34 lines,BatchJobListener.java,63,D1,,NO
D7-001,LOW,Deprecated API — Date used in BatchJobListener,BatchJobListener.java,55,D7,,NO
D7-001,LOW,Deprecated API — Date used in BatchJobListener,BatchJobListener.java,112,D7,,NO
D7-001,LOW,Deprecated API — Date used in BatchJobListener,BatchJobListener.java,115,D7,,NO
D1-002,MEDIUM,Long method — onSkipInWrite() is 37 lines,BatchSkipRecordListener.java,36,D1,,NO
D7-001,LOW,Deprecated API — Date used in BatchSkipRecordListener,BatchSkipRecordListener.java,67,D7,,NO
D1-002,MEDIUM,Long method — doOpen() is 41 lines,TecDocReader.java,77,D1,,NO
D7-001,LOW,Deprecated API — Date used in TecDocReader,TecDocReader.java,112,D7,,NO
D1-002,MEDIUM,Long method — write() is 35 lines,BrandWriter.java,193,D1,,NO
D7-001,LOW,Deprecated API — Date used in CarHistoryWriter,CarHistoryWriter.java,81,D7,,NO
D1-001,MEDIUM,God class — 37 methods in CarWriter,CarWriter.java,0,D1,,NO
D1-002,MEDIUM,Long method — write() is 45 lines,CarWriter.java,310,D1,,NO
D1-002,MEDIUM,Long method — setCarSpecificData() is 43 lines,CarWriter.java,367,D1,,NO
D1-002,MEDIUM,Long method — setEngineForExisting() is 32 lines,CarWriter.java,637,D1,,NO
D7-001,LOW,Deprecated API — Date used in CarWriter,CarWriter.java,387,D7,,NO
D7-001,LOW,Deprecated API — Date used in CarWriter,CarWriter.java,388,D7,,NO
D7-001,LOW,Deprecated API — Date used in CarWriter,CarWriter.java,388,D7,,NO
D7-001,LOW,Deprecated API — Date used in CarWriter,CarWriter.java,392,D7,,NO
D7-001,LOW,Deprecated API — Date used in CarWriter,CarWriter.java,393,D7,,NO
D7-001,LOW,Deprecated API — Date used in CarWriter,CarWriter.java,393,D7,,NO
D7-001,LOW,Deprecated API — Date used in CarWriter,CarWriter.java,478,D7,,NO
D7-001,LOW,Deprecated API — Date used in CarWriter,CarWriter.java,479,D7,,NO
D7-001,LOW,Deprecated API — Date used in CarWriter,CarWriter.java,479,D7,,NO
D7-001,LOW,Deprecated API — Date used in CarWriter,CarWriter.java,485,D7,,NO
D7-001,LOW,Deprecated API — Date used in CarWriter,CarWriter.java,486,D7,,NO
D7-001,LOW,Deprecated API — Date used in CarWriter,CarWriter.java,486,D7,,NO
D1-002,MEDIUM,Long method — processCountryRestrictionByVehicleType() is 40 lines,ContryRestrictionHandler.java,202,D1,,NO
D1-001,MEDIUM,God class — 26 methods in ModelWriter,ModelWriter.java,0,D1,,NO
D1-002,MEDIUM,Long method — write() is 41 lines,ModelWriter.java,222,D1,,NO
D7-001,LOW,Deprecated API — Date used in ModelWriter,ModelWriter.java,290,D7,,NO
D7-001,LOW,Deprecated API — Date used in ModelWriter,ModelWriter.java,291,D7,,NO
D7-001,LOW,Deprecated API — Date used in ModelWriter,ModelWriter.java,291,D7,,NO
D7-001,LOW,Deprecated API — Date used in ModelWriter,ModelWriter.java,295,D7,,NO
D7-001,LOW,Deprecated API — Date used in ModelWriter,ModelWriter.java,296,D7,,NO
D7-001,LOW,Deprecated API — Date used in ModelWriter,ModelWriter.java,296,D7,,NO
D1-002,MEDIUM,Long method — handleExistingPhrase() is 33 lines,PhraseHandler.java,138,D1,,NO
D7-001,LOW,Deprecated API — Date used in CarHistoryJsonRepresentation,CarHistoryJsonRepresentation.java,34,D7,,NO
D7-001,LOW,Deprecated API — Date used in CarHistoryJsonRepresentation,CarHistoryJsonRepresentation.java,99,D7,,NO
D7-001,LOW,Deprecated API — Date used in CarHistoryJsonRepresentation,CarHistoryJsonRepresentation.java,108,D7,,NO
D1-001,MEDIUM,God class — 37 methods in CarJsonRepresentation,CarJsonRepresentation.java,0,D1,,NO
D1-001,MEDIUM,God class — 21 methods in EngineJsonRepresentation,EngineJsonRepresentation.java,0,D1,,NO
D1-001,MEDIUM,God class — 25 methods in ModelJsonRepresentation,ModelJsonRepresentation.java,0,D1,,NO
D1-002,MEDIUM,Long method — callToCovert() is 63 lines,CorvetClientServiceImpl.java,100,D1,,NO
D1-002,MEDIUM,Long method — callToCovertWithSetTimeout() is 63 lines,CorvetClientServiceImpl.java,183,D1,,NO
D1-002,MEDIUM,Long method — byCountryCode() is 39 lines,ModelCountryJpaRepository.java,59,D1,,NO
D1-002,MEDIUM,Long method — byCountryCodeAndVehicleType() is 40 lines,ModelCountryJpaRepository.java,100,D1,,NO
D7-001,LOW,Deprecated API — Date used in ModelCountryJpaRepository,ModelCountryJpaRepository.java,73,D7,,NO
D7-001,LOW,Deprecated API — Date used in ModelCountryJpaRepository,ModelCountryJpaRepository.java,74,D7,,NO
D7-001,LOW,Deprecated API — Date used in ModelCountryJpaRepository,ModelCountryJpaRepository.java,115,D7,,NO
D7-001,LOW,Deprecated API — Date used in ModelCountryJpaRepository,ModelCountryJpaRepository.java,116,D7,,NO
D1-004,LOW,Magic number 31 in hashCode(),BatchFile.java,122,D1,,NO
D1-004,LOW,Magic number 31 in hashCode(),Brand.java,136,D1,,NO
D1-004,LOW,Magic number 31 in hashCode(),BrandCountry.java,149,D1,,NO
D1-001,MEDIUM,God class — 38 methods in Car,Car.java,0,D1,,NO
D1-004,LOW,Magic number 31 in hashCode(),Car.java,441,D1,,NO
D7-001,LOW,Deprecated API — Date used in Car,Car.java,60,D7,,NO
D7-001,LOW,Deprecated API — Date used in Car,Car.java,64,D7,,NO
D7-001,LOW,Deprecated API — Date used in Car,Car.java,187,D7,,NO
D7-001,LOW,Deprecated API — Date used in Car,Car.java,196,D7,,NO
D7-001,LOW,Deprecated API — Date used in Car,Car.java,205,D7,,NO
D7-001,LOW,Deprecated API — Date used in Car,Car.java,214,D7,,NO
D1-004,LOW,Magic number 31 in hashCode(),CarCountry.java,131,D1,,NO
D7-001,LOW,Deprecated API — Date used in CarHistory,CarHistory.java,40,D7,,NO
D7-001,LOW,Deprecated API — Date used in CarHistory,CarHistory.java,47,D7,,NO
D7-001,LOW,Deprecated API — Date used in CarHistory,CarHistory.java,108,D7,,NO
D7-001,LOW,Deprecated API — Date used in CarHistory,CarHistory.java,117,D7,,NO
D7-001,LOW,Deprecated API — Date used in CarHistory,CarHistory.java,144,D7,,NO
D7-001,LOW,Deprecated API — Date used in CarHistory,CarHistory.java,153,D7,,NO
D1-004,LOW,Magic number 31 in hashCode(),CountryConstructionRange.java,150,D1,,NO
D7-001,LOW,Deprecated API — Date used in CountryConstructionRange,CountryConstructionRange.java,46,D7,,NO
D7-001,LOW,Deprecated API — Date used in CountryConstructionRange,CountryConstructionRange.java,50,D7,,NO
D7-001,LOW,Deprecated API — Date used in CountryConstructionRange,CountryConstructionRange.java,112,D7,,NO
D7-001,LOW,Deprecated API — Date used in CountryConstructionRange,CountryConstructionRange.java,121,D7,,NO
D7-001,LOW,Deprecated API — Date used in CountryConstructionRange,CountryConstructionRange.java,130,D7,,NO
D7-001,LOW,Deprecated API — Date used in CountryConstructionRange,CountryConstructionRange.java,139,D7,,NO
D1-001,MEDIUM,God class — 27 methods in Engine,Engine.java,0,D1,,NO
D1-004,LOW,Magic number 31 in hashCode(),Engine.java,310,D1,,NO
D1-004,LOW,Magic number 31 in hashCode(),EngineNr.java,109,D1,,NO
D1-001,MEDIUM,God class — 27 methods in Model,Model.java,0,D1,,NO
D1-004,LOW,Magic number 31 in hashCode(),Model.java,308,D1,,NO
D7-001,LOW,Deprecated API — Date used in Model,Model.java,51,D7,,NO
D7-001,LOW,Deprecated API — Date used in Model,Model.java,55,D7,,NO
D7-001,LOW,Deprecated API — Date used in Model,Model.java,144,D7,,NO
D7-001,LOW,Deprecated API — Date used in Model,Model.java,153,D7,,NO
D7-001,LOW,Deprecated API — Date used in Model,Model.java,162,D7,,NO
D7-001,LOW,Deprecated API — Date used in Model,Model.java,171,D7,,NO
D1-004,LOW,Magic number 31 in hashCode(),ModelCountry.java,156,D1,,NO
D8-001,HIGH,Potential resource leak — ResultSet in nullSafeGet(),TextArrayType.java,67,D8,,YES
D8-001,HIGH,Potential resource leak — Connection in nullSafeSet(),TextArrayType.java,83,D8,,YES
D8-001,HIGH,Potential resource leak — PreparedStatement in nullSafeSet(),TextArrayType.java,83,D8,,YES
D1-004,LOW,Magic number 31 in hashCode(),VehicleType.java,78,D1,,NO
D1-002,MEDIUM,Long method — byKey() is 31 lines,CnaxParameterJpaRepository.java,39,D1,,NO
D1-001,MEDIUM,God class — 37 methods in Cnaximl,Cnaximl.java,0,D1,,NO
D1-004,LOW,Magic number 31 in hashCode(),Cnaximl.java,403,D1,,NO
D1-004,LOW,Magic number 31 in hashCode(),CnaxParameter.java,140,D1,,NO
D7-001,LOW,Deprecated API — Date used in CnaxParameter,CnaxParameter.java,37,D7,,NO
D7-001,LOW,Deprecated API — Date used in CnaxParameter,CnaxParameter.java,102,D7,,NO
D7-001,LOW,Deprecated API — Date used in CnaxParameter,CnaxParameter.java,111,D7,,NO
D7-001,LOW,Deprecated API — Date used in CnaxParameterServiceImpl,CnaxParameterServiceImpl.java,49,D7,,NO
D7-001,LOW,Deprecated API — Date used in CnaxParameterServiceImpl,CnaxParameterServiceImpl.java,71,D7,,NO
D1-004,LOW,Magic number 31 in hashCode(),ApplicationGroupId.java,75,D1,,NO
D1-004,LOW,Magic number 31 in hashCode(),RcvApplicability.java,101,D1,,NO
D1-004,LOW,Magic number 31 in hashCode(),RcvApplication.java,75,D1,,NO
D1-004,LOW,Magic number 31 in hashCode(),RcvApplicationGroup.java,80,D1,,NO
D1-004,LOW,Magic number 31 in hashCode(),RcvApplicationType.java,127,D1,,NO
D1-004,LOW,Magic number 31 in hashCode(),RcvBrandReftech.java,94,D1,,NO
D1-004,LOW,Magic number 31 in hashCode(),RcvCountrySale.java,122,D1,,NO
D1-004,LOW,Magic number 31 in hashCode(),RcvCountrySalePhrase.java,119,D1,,NO
D1-004,LOW,Magic number 31 in hashCode(),RcvEngine.java,157,D1,,NO
D1-004,LOW,Magic number 31 in hashCode(),RcvGroup.java,97,D1,,NO
D1-004,LOW,Magic number 31 in hashCode(),RcvGroupCountrySale.java,147,D1,,NO
D1-004,LOW,Magic number 31 in hashCode(),RcvGroupCountrySalePhrase.java,121,D1,,NO
D1-004,LOW,Magic number 31 in hashCode(),RcvGroupVehicle.java,116,D1,,NO
D1-004,LOW,Magic number 31 in hashCode(),RcvImage.java,119,D1,,NO
D1-004,LOW,Magic number 31 in hashCode(),RcvModel.java,199,D1,,NO
D1-004,LOW,Magic number 31 in hashCode(),RcvVehicleCommercial.java,182,D1,,NO
D1-002,MEDIUM,Long method — byCountryCodeAndVehicleCommericalId() is 38 lines,CountrySaleRepositoryImpl.java,55,D1,,NO
D11-001,CRITICAL,Hardcoded credential — API_KEY in ConsumerFlowConfigurationJpaRepository,ConsumerFlowConfigurationJpaRepository.java,33,D11,,YES
D11-001,CRITICAL,Hardcoded credential — API_KEY in ConsumerJpaRepository,ConsumerJpaRepository.java,30,D11,,YES
D1-004,LOW,Magic number 3 in byLpnNumber(),LicensePlateNumberDataJpaRepository.java,128,D1,,NO
D1-004,LOW,Magic number 4 in byLpnNumber(),LicensePlateNumberDataJpaRepository.java,130,D1,,NO
D1-004,LOW,Magic number 5 in byLpnNumber(),LicensePlateNumberDataJpaRepository.java,131,D1,,NO
D1-004,LOW,Magic number 6 in byLpnNumber(),LicensePlateNumberDataJpaRepository.java,132,D1,,NO
D1-004,LOW,Magic number 7 in byLpnNumber(),LicensePlateNumberDataJpaRepository.java,133,D1,,NO
D1-004,LOW,Magic number 3 in byLpnANdCountry(),LicensePlateNumberDataJpaRepository.java,166,D1,,NO
D1-004,LOW,Magic number 4 in byLpnANdCountry(),LicensePlateNumberDataJpaRepository.java,168,D1,,NO
D1-004,LOW,Magic number 5 in byLpnANdCountry(),LicensePlateNumberDataJpaRepository.java,169,D1,,NO
D1-004,LOW,Magic number 6 in byLpnANdCountry(),LicensePlateNumberDataJpaRepository.java,170,D1,,NO
D1-004,LOW,Magic number 7 in byLpnANdCountry(),LicensePlateNumberDataJpaRepository.java,171,D1,,NO
D7-001,LOW,Deprecated API — Date used in LicensePlateNumberDataJpaRepository,LicensePlateNumberDataJpaRepository.java,130,D7,,NO
D7-001,LOW,Deprecated API — Date used in LicensePlateNumberDataJpaRepository,LicensePlateNumberDataJpaRepository.java,131,D7,,NO
D7-001,LOW,Deprecated API — Date used in LicensePlateNumberDataJpaRepository,LicensePlateNumberDataJpaRepository.java,168,D7,,NO
D7-001,LOW,Deprecated API — Date used in LicensePlateNumberDataJpaRepository,LicensePlateNumberDataJpaRepository.java,169,D7,,NO
D7-001,LOW,Deprecated API — Date used in CinVinBvvData,CinVinBvvData.java,20,D7,,NO
D7-001,LOW,Deprecated API — Date used in CinVinBvvData,CinVinBvvData.java,26,D7,,NO
D7-001,LOW,Deprecated API — Date used in CinVinBvvData,CinVinBvvData.java,36,D7,,NO
D7-001,LOW,Deprecated API — Date used in CinVinBvvData,CinVinBvvData.java,45,D7,,NO
D7-001,LOW,Deprecated API — Date used in CinVinBvvData,CinVinBvvData.java,58,D7,,NO
D7-001,LOW,Deprecated API — Date used in CinVinBvvData,CinVinBvvData.java,62,D7,,NO
D7-001,LOW,Deprecated API — Date used in CinVinTemporary,CinVinTemporary.java,30,D7,,NO
D7-001,LOW,Deprecated API — Date used in CinVinTemporary,CinVinTemporary.java,49,D7,,NO
D7-001,LOW,Deprecated API — Date used in CinVinTemporary,CinVinTemporary.java,58,D7,,NO
D1-004,LOW,Magic number 31 in hashCode(),Configuration.java,100,D1,,NO
D1-001,MEDIUM,God class — 34 methods in Consumer,Consumer.java,0,D1,,NO
D1-004,LOW,Magic number 31 in hashCode(),Consumer.java,350,D1,,NO
D7-001,LOW,Deprecated API — Date used in Consumer,Consumer.java,38,D7,,NO
D7-001,LOW,Deprecated API — Date used in Consumer,Consumer.java,42,D7,,NO
D7-001,LOW,Deprecated API — Date used in Consumer,Consumer.java,150,D7,,NO
D7-001,LOW,Deprecated API — Date used in Consumer,Consumer.java,159,D7,,NO
D7-001,LOW,Deprecated API — Date used in Consumer,Consumer.java,168,D7,,NO
D7-001,LOW,Deprecated API — Date used in Consumer,Consumer.java,177,D7,,NO
D1-004,LOW,Magic number 31 in hashCode(),ConsumerFlowConfiguration.java,187,D1,,NO
D7-001,LOW,Deprecated API — Date used in ConsumerFlowConfiguration,ConsumerFlowConfiguration.java,44,D7,,NO
D7-001,LOW,Deprecated API — Date used in ConsumerFlowConfiguration,ConsumerFlowConfiguration.java,48,D7,,NO
D7-001,LOW,Deprecated API — Date used in ConsumerFlowConfiguration,ConsumerFlowConfiguration.java,131,D7,,NO
D7-001,LOW,Deprecated API — Date used in ConsumerFlowConfiguration,ConsumerFlowConfiguration.java,140,D7,,NO
D7-001,LOW,Deprecated API — Date used in ConsumerFlowConfiguration,ConsumerFlowConfiguration.java,149,D7,,NO
D7-001,LOW,Deprecated API — Date used in ConsumerFlowConfiguration,ConsumerFlowConfiguration.java,158,D7,,NO
D8-001,HIGH,Potential resource leak — ResultSet in nullSafeGet(),JsonDataUserType.java,87,D8,,YES
D8-001,HIGH,Potential resource leak — PreparedStatement in nullSafeSet(),JsonDataUserType.java,111,D8,,YES
D1-004,LOW,Magic number 31 in hashCode(),LicensePlateNumberData.java,160,D1,,NO
D1-002,MEDIUM,Long method — equals() is 35 lines,LicensePlateNumberData.java,175,D1,,NO
D7-001,LOW,Deprecated API — Date used in LicensePlateNumberData,LicensePlateNumberData.java,31,D7,,NO
D7-001,LOW,Deprecated API — Date used in LicensePlateNumberData,LicensePlateNumberData.java,35,D7,,NO
D7-001,LOW,Deprecated API — Date used in LicensePlateNumberData,LicensePlateNumberData.java,86,D7,,NO
D7-001,LOW,Deprecated API — Date used in LicensePlateNumberData,LicensePlateNumberData.java,95,D7,,NO
D7-001,LOW,Deprecated API — Date used in LicensePlateNumberData,LicensePlateNumberData.java,104,D7,,NO
D7-001,LOW,Deprecated API — Date used in LicensePlateNumberData,LicensePlateNumberData.java,113,D7,,NO
D1-004,LOW,Magic number 31 in hashCode(),LicensePlateNumberDataIdentifier.java,90,D1,,NO
D1-004,LOW,Magic number 31 in hashCode(),Message.java,117,D1,,NO
D7-001,LOW,Deprecated API — Date used in Message,Message.java,44,D7,,NO
D7-001,LOW,Deprecated API — Date used in Message,Message.java,99,D7,,NO
D7-001,LOW,Deprecated API — Date used in Message,Message.java,106,D7,,NO
D1-004,LOW,Magic number 31 in hashCode(),ServiceHealth.java,166,D1,,NO
D7-001,LOW,Deprecated API — Date used in ServiceHealth,ServiceHealth.java,45,D7,,NO
D7-001,LOW,Deprecated API — Date used in ServiceHealth,ServiceHealth.java,128,D7,,NO
D7-001,LOW,Deprecated API — Date used in ServiceHealth,ServiceHealth.java,137,D7,,NO
D1-004,LOW,Magic number 31 in hashCode(),StatusResponse.java,61,D1,,NO
D1-001,MEDIUM,God class — 35 methods in CarCommonResponse,CarCommonResponse.java,0,D1,,NO
D1-004,LOW,Magic number 31 in hashCode(),CarCommonResponse.java,370,D1,,NO
D7-001,LOW,Deprecated API — Date used in CarCommonResponse,CarCommonResponse.java,224,D7,,NO
D7-001,LOW,Deprecated API — Date used in CarCommonResponse,CarCommonResponse.java,242,D7,,NO
D7-001,LOW,Deprecated API — Date used in CarCommonResponse,CarCommonResponse.java,354,D7,,NO
D1-001,MEDIUM,God class — 36 methods in CarResponse,CarResponse.java,0,D1,,NO
D1-004,LOW,Magic number 31 in hashCode(),CarResponse.java,375,D1,,NO
D1-004,LOW,Magic number 31 in hashCode(),CountryConstRangeResponse.java,81,D1,,NO
D7-001,LOW,Deprecated API — Date used in CountryConstRangeResponse,CountryConstRangeResponse.java,37,D7,,NO
D7-001,LOW,Deprecated API — Date used in CountryConstRangeResponse,CountryConstRangeResponse.java,55,D7,,NO
D7-001,LOW,Deprecated API — Date used in CountryConstRangeResponse,CountryConstRangeResponse.java,65,D7,,NO
D7-001,LOW,Deprecated API — Date used in MessageServiceImpl,MessageServiceImpl.java,39,D7,,NO
D1-004,LOW,Magic number 31 in hashCode(),Family.java,136,D1,,NO
D7-001,LOW,Deprecated API — Date used in Family,Family.java,43,D7,,NO
D7-001,LOW,Deprecated API — Date used in Family,Family.java,89,D7,,NO
D7-001,LOW,Deprecated API — Date used in Family,Family.java,98,D7,,NO
D1-002,MEDIUM,Long method — byLcdvCodeAndFamilyCode() is 31 lines,LcdvJpaRepository.java,123,D1,,NO
D1-004,LOW,Magic number 31 in hashCode(),Lcdv.java,161,D1,,NO
D7-001,LOW,Deprecated API — Date used in Lcdv,Lcdv.java,50,D7,,NO
D7-001,LOW,Deprecated API — Date used in Lcdv,Lcdv.java,114,D7,,NO
D7-001,LOW,Deprecated API — Date used in Lcdv,Lcdv.java,123,D7,,NO
D1-004,LOW,Magic number 31 in hashCode(),LcdvVersion16.java,186,D1,,NO
D7-001,LOW,Deprecated API — Date used in LcdvVersion16,LcdvVersion16.java,41,D7,,NO
D7-001,LOW,Deprecated API — Date used in LcdvVersion16,LcdvVersion16.java,44,D7,,NO
D7-001,LOW,Deprecated API — Date used in LcdvVersion16,LcdvVersion16.java,112,D7,,NO
D7-001,LOW,Deprecated API — Date used in LcdvVersion16,LcdvVersion16.java,121,D7,,NO
D7-001,LOW,Deprecated API — Date used in LcdvVersion16,LcdvVersion16.java,130,D7,,NO
D7-001,LOW,Deprecated API — Date used in LcdvVersion16,LcdvVersion16.java,139,D7,,NO
D1-004,LOW,Magic number 31 in hashCode(),LcdvVersion16Lcdv.java,101,D1,,NO
D1-004,LOW,Magic number 31 in hashCode(),Nature.java,88,D1,,NO
D1-002,MEDIUM,Long method — byIsoCode() is 34 lines,LanguageJpaRepository.java,68,D1,,NO
D1-004,LOW,Magic number 31 in hashCode(),Language.java,141,D1,,NO
D1-004,LOW,Magic number 31 in hashCode(),Phrase.java,114,D1,,NO
D1-004,LOW,Magic number 31 in hashCode(),EsigiRequest.java,195,D1,,NO
D1-004,LOW,Magic number 31 in hashCode(),ChassisData.java,46,D1,,NO
D1-004,LOW,Magic number 31 in hashCode(),Coverage.java,73,D1,,NO
D1-001,MEDIUM,God class — 59 methods in EsigiVehicleDescription,EsigiVehicleDescription.java,0,D1,,NO
D1-002,MEDIUM,Long method — hashCode() is 33 lines,EsigiVehicleDescription.java,327,D1,,NO
D1-004,LOW,Magic number 31 in hashCode(),EsigiVehicleDescription.java,329,D1,,NO
D1-002,MEDIUM,Long method — equals() is 93 lines,EsigiVehicleDescription.java,373,D1,,NO
D1-004,LOW,Magic number 31 in hashCode(),OptionalModel.java,63,D1,,NO
D1-004,LOW,Magic number 31 in hashCode(),WarrantyClaim.java,206,D1,,NO
D1-002,MEDIUM,Long method — equals() is 34 lines,WarrantyClaim.java,235,D1,,NO
D1-001,MEDIUM,God class — 34 methods in ApplicationConfig,ApplicationConfig.java,0,D1,,NO
D1-002,MEDIUM,Long method — hashCode() is 52 lines,ChassisResult.java,276,D1,,NO
D1-002,MEDIUM,Long method — hashCode() is 32 lines,Claims.java,270,D1,,NO
D1-001,MEDIUM,God class — 28 methods in Contract,Contract.java,0,D1,,NO
D1-002,MEDIUM,Long method — equals() is 35 lines,Contract.java,362,D1,,NO
D1-002,MEDIUM,Long method — hashCode() is 49 lines,Contract.java,407,D1,,NO
D1-002,MEDIUM,Long method — hashCode() is 40 lines,OptionalList.java,165,D1,,NO
D1-001,MEDIUM,God class — 58 methods in VehicleDescription,VehicleDescription.java,0,D1,,NO
D1-002,MEDIUM,Long method — equals() is 62 lines,VehicleDescription.java,743,D1,,NO
D1-002,MEDIUM,Long method — hashCode() is 92 lines,VehicleDescription.java,815,D1,,NO
D1-004,LOW,Magic number 31 in hashCode(),ExfcaException.java,39,D1,,NO
D1-004,LOW,Magic number 31 in hashCode(),ExfcaBrand.java,121,D1,,NO
D1-002,MEDIUM,Long method — equals() is 34 lines,ExfcaBrand.java,149,D1,,NO
D1-002,MEDIUM,Long method — findByVinAndLanguageAndSource() is 37 lines,VinExfcaDataRepositoryJpaRepository.java,81,D1,,NO
D1-002,MEDIUM,Long method — findByVisAndLanguageAndSourceAndModel() is 37 lines,VisExfcaDataJpaRepository.java,68,D1,,NO
D1-004,LOW,Magic number 31 in hashCode(),VinExfcaData.java,74,D1,,NO
D7-001,LOW,Deprecated API — Date used in VinExfcaData,VinExfcaData.java,35,D7,,NO
D7-001,LOW,Deprecated API — Date used in VinExfcaData,VinExfcaData.java,64,D7,,NO
D7-001,LOW,Deprecated API — Date used in VinExfcaData,VinExfcaData.java,68,D7,,NO
D1-004,LOW,Magic number 31 in hashCode(),VinExfcaDataIdentifier.java,57,D1,,NO
D1-004,LOW,Magic number 31 in hashCode(),VisExfcaData.java,106,D1,,NO
D1-002,MEDIUM,Long method — equals() is 33 lines,VisExfcaData.java,133,D1,,NO
D7-001,LOW,Deprecated API — Date used in VisExfcaData,VisExfcaData.java,36,D7,,NO
D7-001,LOW,Deprecated API — Date used in VisExfcaData,VisExfcaData.java,78,D7,,NO
D7-001,LOW,Deprecated API — Date used in VisExfcaData,VisExfcaData.java,82,D7,,NO
D1-004,LOW,Magic number 31 in hashCode(),VisExfcaDataIdentifier.java,79,D1,,NO
D1-002,MEDIUM,Long method — equals() is 35 lines,VisExfcaDataIdentifier.java,99,D1,,NO
D1-002,MEDIUM,Long method — getEsigiData() is 43 lines,ExfcaResource.java,60,D1,,NO
D1-003,LOW,Too many params — getEsigiData() has 7 parameters,ExfcaResource.java,60,D1,,NO
D1-004,LOW,Magic number 400 in getEsigiData(),ExfcaResource.java,65,D1,,NO
D1-004,LOW,Magic number 401 in getEsigiData(),ExfcaResource.java,66,D1,,NO
D1-004,LOW,Magic number 503 in getEsigiData(),ExfcaResource.java,67,D1,,NO
D1-004,LOW,Magic number 504 in getEsigiData(),ExfcaResource.java,68,D1,,NO
D1-002,MEDIUM,Long method — getEsigiVin() is 54 lines,HealthResource.java,63,D1,,NO
D1-002,MEDIUM,Long method — getEsigiVis() is 55 lines,HealthResource.java,124,D1,,NO
D1-002,MEDIUM,Long method — fetchDataByVin() is 42 lines,EsigiServiceImpl.java,133,D1,,NO
D1-002,MEDIUM,Long method — fetchDataByVis() is 55 lines,EsigiServiceImpl.java,184,D1,,NO
D1-002,MEDIUM,Long method — fetchDataByVisAndModel() is 43 lines,EsigiServiceImpl.java,247,D1,,NO
D1-002,MEDIUM,Long method — processVisAPIResponse() is 67 lines,EsigiServiceImpl.java,461,D1,,NO
D1-002,MEDIUM,Long method — isVinResultEmpty() is 31 lines,EsigiServiceImpl.java,609,D1,,NO
D1-002,MEDIUM,Long method — valiDateVinAPIResponse() is 39 lines,EsigiServiceImpl.java,649,D1,,NO
D1-002,MEDIUM,Long method — valiDateVisAPIResponse() is 31 lines,EsigiServiceImpl.java,697,D1,,NO
D1-002,MEDIUM,Long method — callEsigiWithVin() is 36 lines,EsigiServiceImpl.java,738,D1,,NO
D1-004,LOW,Magic number 9 in callEsigiWithVin(),EsigiServiceImpl.java,750,D1,,NO
D1-004,LOW,Magic number 17 in callEsigiWithVin(),EsigiServiceImpl.java,750,D1,,NO
D1-002,MEDIUM,Long method — callEsigiWithVis() is 40 lines,EsigiServiceImpl.java,784,D1,,NO
D7-001,LOW,Deprecated API — Date used in EsigiServiceImpl,EsigiServiceImpl.java,298,D7,,NO
D7-001,LOW,Deprecated API — Date used in EsigiServiceImpl,EsigiServiceImpl.java,300,D7,,NO
D7-001,LOW,Deprecated API — Date used in EsigiServiceImpl,EsigiServiceImpl.java,429,D7,,NO
D7-001,LOW,Deprecated API — Date used in EsigiServiceImpl,EsigiServiceImpl.java,433,D7,,NO
D7-001,LOW,Deprecated API — Date used in EsigiServiceImpl,EsigiServiceImpl.java,496,D7,,NO
D7-001,LOW,Deprecated API — Date used in EsigiServiceImpl,EsigiServiceImpl.java,502,D7,,NO
D7-001,LOW,Deprecated API — Date used in EsigiServiceImpl,EsigiServiceImpl.java,515,D7,,NO
D7-001,LOW,Deprecated API — Date used in EsigiServiceImpl,EsigiServiceImpl.java,517,D7,,NO
D1-002,MEDIUM,Long method — executeVinEsigiCall() is 35 lines,HttpUtilityImpl.java,107,D1,,NO
D1-002,MEDIUM,Long method — executeVisEsigiCall() is 35 lines,HttpUtilityImpl.java,154,D1,,NO
D1-002,MEDIUM,Long method — executeVisAndModelEsigiCall() is 34 lines,HttpUtilityImpl.java,202,D1,,NO
D7-001,LOW,Deprecated API — Date used in HttpUtilityImpl,HttpUtilityImpl.java,111,D7,,NO
D7-001,LOW,Deprecated API — Date used in HttpUtilityImpl,HttpUtilityImpl.java,121,D7,,NO
D7-001,LOW,Deprecated API — Date used in HttpUtilityImpl,HttpUtilityImpl.java,128,D7,,NO
D7-001,LOW,Deprecated API — Date used in HttpUtilityImpl,HttpUtilityImpl.java,158,D7,,NO
D7-001,LOW,Deprecated API — Date used in HttpUtilityImpl,HttpUtilityImpl.java,207,D7,,NO
D7-001,LOW,Deprecated API — Date used in VinExfcaDataServiceImpl,VinExfcaDataServiceImpl.java,53,D7,,NO
D1-003,LOW,Too many params — insertVisEsigiData() has 7 parameters,VisExfcaDataServiceImpl.java,53,D1,,NO
D7-001,LOW,Deprecated API — Date used in VisExfcaDataServiceImpl,VisExfcaDataServiceImpl.java,54,D7,,NO
D7-001,LOW,Deprecated API — Date used in VinExfcaDataService,VinExfcaDataService.java,34,D7,,NO
D1-003,LOW,Too many params — insertVisEsigiData() has 7 parameters,VisExfcaDataService.java,36,D1,,NO
D7-001,LOW,Deprecated API — Date used in VisExfcaDataService,VisExfcaDataService.java,36,D7,,NO
D11-001,CRITICAL,Hardcoded credential — API_KEY in Constants,Constants.java,207,D11,,YES
D11-001,CRITICAL,Hardcoded credential — API_KEY_SPLIT in Constants,Constants.java,228,D11,,YES
D1-002,MEDIUM,Long method — getVinsResult() is 31 lines,EsigiVinResponseUtility.java,71,D1,,NO
D1-002,MEDIUM,Long method — setVehicleDescription() is 33 lines,EsigiVinResponseUtility.java,147,D1,,NO
D1-002,MEDIUM,Long method — setOptionalList() is 47 lines,EsigiVinResponseUtility.java,235,D1,,NO
D1-002,MEDIUM,Long method — isValidRequest() is 76 lines,ExfcaValidationUtils.java,47,D1,,NO
D1-001,MEDIUM,God class — 50 methods in ApplicationConfig,ApplicationConfig.java,0,D1,,NO
D1-002,MEDIUM,Long method — getCarIdentifierCount() is 31 lines,CountWebServiceJpaRepository.java,40,D1,,NO
D1-002,MEDIUM,Long method — byLicensePlateNumberAndCountry() is 35 lines,LicensePlateNumberJpaRepository.java,57,D1,,NO
D1-002,MEDIUM,Long method — byVehicleIdentificationNumber() is 35 lines,LicensePlateNumberJpaRepository.java,120,D1,,NO
D6-001,CRITICAL,SQL INJECTION — string concatenation in byVehicleIdentificationNumber(),LicensePlateNumberJpaRepository.java,120,D6,,YES
D1-004,LOW,Magic number 31 in hashCode(),ClutchType.java,141,D1,,NO
D1-004,LOW,Magic number 31 in hashCode(),DriverSide.java,141,D1,,NO
D1-004,LOW,Magic number 31 in hashCode(),ExternalService.java,163,D1,,NO
D7-001,LOW,Deprecated API — Date used in ExternalService,ExternalService.java,38,D7,,NO
D7-001,LOW,Deprecated API — Date used in ExternalService,ExternalService.java,42,D7,,NO
D7-001,LOW,Deprecated API — Date used in ExternalService,ExternalService.java,107,D7,,NO
D7-001,LOW,Deprecated API — Date used in ExternalService,ExternalService.java,116,D7,,NO
D7-001,LOW,Deprecated API — Date used in ExternalService,ExternalService.java,125,D7,,NO
D7-001,LOW,Deprecated API — Date used in ExternalService,ExternalService.java,134,D7,,NO
D1-004,LOW,Magic number 31 in hashCode(),LicensePlateCountry.java,97,D1,,NO
D1-004,LOW,Magic number 31 in hashCode(),LicensePlateNumber.java,100,D1,,NO
D7-001,LOW,Deprecated API — Date used in LicensePlateNumber,LicensePlateNumber.java,37,D7,,NO
D7-001,LOW,Deprecated API — Date used in LicensePlateNumber,LicensePlateNumber.java,62,D7,,NO
D7-001,LOW,Deprecated API — Date used in LicensePlateNumber,LicensePlateNumber.java,71,D7,,NO
D1-004,LOW,Magic number 31 in hashCode(),Webservice.java,141,D1,,NO
D7-001,LOW,Deprecated API — Date used in Webservice,Webservice.java,34,D7,,NO
D7-001,LOW,Deprecated API — Date used in Webservice,Webservice.java,38,D7,,NO
D7-001,LOW,Deprecated API — Date used in Webservice,Webservice.java,85,D7,,NO
D7-001,LOW,Deprecated API — Date used in Webservice,Webservice.java,94,D7,,NO
D7-001,LOW,Deprecated API — Date used in Webservice,Webservice.java,103,D7,,NO
D7-001,LOW,Deprecated API — Date used in Webservice,Webservice.java,112,D7,,NO
D1-001,MEDIUM,God class — 23 methods in WebserviceLog,WebserviceLog.java,0,D1,,NO
D1-004,LOW,Magic number 31 in hashCode(),WebserviceLog.java,254,D1,,NO
D1-004,LOW,Magic number 31 in hashCode(),BrandMappedResponse.java,83,D1,,NO
D1-004,LOW,Magic number 31 in hashCode(),BrandReftechResponse.java,83,D1,,NO
D1-004,LOW,Magic number 31 in hashCode(),BrandResponse.java,127,D1,,NO
D1-001,MEDIUM,God class — 45 methods in CarMappedResponse,CarMappedResponse.java,0,D1,,NO
D1-004,LOW,Magic number 31 in hashCode(),CarMappedResponse.java,477,D1,,NO
D1-001,MEDIUM,God class — 27 methods in CarReftechResponse,CarReftechResponse.java,0,D1,,NO
D1-004,LOW,Magic number 31 in hashCode(),CarReftechResponse.java,279,D1,,NO
D1-004,LOW,Magic number 31 in hashCode(),ClutchTypeResponse.java,107,D1,,NO
D1-004,LOW,Magic number 31 in hashCode(),DriverSideResponse.java,85,D1,,NO
D1-001,MEDIUM,God class — 114 methods in LicensePlateJsonResponse,LicensePlateJsonResponse.java,0,D1,,NO
D1-001,MEDIUM,God class — 34 methods in ModelMappedResponse,ModelMappedResponse.java,0,D1,,NO
D1-004,LOW,Magic number 31 in hashCode(),ModelMappedResponse.java,361,D1,,NO
D7-001,LOW,Deprecated API — Date used in ModelMappedResponse,ModelMappedResponse.java,218,D7,,NO
D7-001,LOW,Deprecated API — Date used in ModelMappedResponse,ModelMappedResponse.java,236,D7,,NO
D7-001,LOW,Deprecated API — Date used in ModelMappedResponse,ModelMappedResponse.java,345,D7,,NO
D1-001,MEDIUM,God class — 21 methods in ModelReftechResponse,ModelReftechResponse.java,0,D1,,NO
D1-004,LOW,Magic number 31 in hashCode(),ModelReftechResponse.java,219,D1,,NO
D1-001,MEDIUM,God class — 31 methods in ModelResponse,ModelResponse.java,0,D1,,NO
D1-004,LOW,Magic number 31 in hashCode(),ModelResponse.java,321,D1,,NO
D7-001,LOW,Deprecated API — Date used in ModelResponse,ModelResponse.java,103,D7,,NO
D7-001,LOW,Deprecated API — Date used in ModelResponse,ModelResponse.java,121,D7,,NO
D7-001,LOW,Deprecated API — Date used in ModelResponse,ModelResponse.java,305,D7,,NO
D11-001,CRITICAL,Hardcoded credential — NULL_API_KEY in ResponseMessages,ResponseMessages.java,15,D11,,YES
D11-001,CRITICAL,Hardcoded credential — EMPTY_API_KEY in ResponseMessages,ResponseMessages.java,16,D11,,YES
D11-001,CRITICAL,Hardcoded credential — INVALID_API_KEY in ResponseMessages,ResponseMessages.java,17,D11,,YES
D1-001,MEDIUM,God class — 27 methods in AbstractResource,AbstractResource.java,0,D1,,NO
D1-002,MEDIUM,Long method — callCinApiWebService() is 38 lines,AbstractResource.java,481,D1,,NO
D1-002,MEDIUM,Long method — get() is 35 lines,BrandResource.java,60,D1,,NO
D1-002,MEDIUM,Long method — get() is 56 lines,CarResource.java,103,D1,,NO
D1-003,LOW,Too many params — get() has 10 parameters,CarResource.java,103,D1,,NO
D1-002,MEDIUM,Long method — getMappedResponse() is 36 lines,CarResource.java,249,D1,,NO
D1-003,LOW,Too many params — setRequestType() has 6 parameters,CarResource.java,297,D1,,NO
D1-002,MEDIUM,Long method — processKbaWebService() is 44 lines,CarResource.java,374,D1,,NO
D1-003,LOW,Too many params — getLicencePlates() has 7 parameters,LicensePlateResource.java,100,D1,,NO
D1-002,MEDIUM,Long method — getHealth() is 75 lines,LicensePlateResource.java,133,D1,,NO
D1-002,MEDIUM,Long method — validateFName() is 38 lines,LicensePlateResource.java,258,D1,,NO
D8-001,HIGH,Potential resource leak — FileInputStream in getHealth(),LicensePlateResource.java,133,D8,,YES
D8-001,HIGH,Potential resource leak — InputStream in getHealth(),LicensePlateResource.java,133,D8,,YES
D1-002,MEDIUM,Long method — get() is 48 lines,ModelResource.java,76,D1,,NO
D1-002,MEDIUM,Long method — getBrandMapResponse() is 42 lines,BrandWebServiceImpl.java,201,D1,,NO
D1-003,LOW,Too many params — filterCarsforvehicleType() has 6 parameters,CarWebServiceImpl.java,226,D1,,NO
D1-002,MEDIUM,Long method — setResponseData() is 78 lines,CarWebServiceImpl.java,281,D1,,NO
D1-002,MEDIUM,Long method — getMappedCars() is 59 lines,CarWebServiceImpl.java,435,D1,,NO
D1-002,MEDIUM,Long method — setMappedResponseData() is 83 lines,CarWebServiceImpl.java,534,D1,,NO
D1-002,MEDIUM,Long method — setReftechCarMappedResponse() is 39 lines,CarWebServiceImpl.java,627,D1,,NO
D1-003,LOW,Too many params — setReftechCarResponse() has 7 parameters,CarWebServiceImpl.java,722,D1,,NO
D11-001,CRITICAL,Hardcoded credential — REQUEST_HEADER_API_KEY in Constants,Constants.java,81,D11,,YES
D11-001,CRITICAL,Hardcoded credential — CIN_API_KEY in Constants,Constants.java,166,D11,,YES
D1-001,MEDIUM,God class — 40 methods in LicencePlateServiceImpl,LicencePlateServiceImpl.java,0,D1,,NO
D1-003,LOW,Too many params — processValidLpnRequest() has 7 parameters,LicencePlateServiceImpl.java,370,D1,,NO
D1-003,LOW,Too many params — processIfLpnDataFoundInDatabase() has 9 parameters,LicencePlateServiceImpl.java,439,D1,,NO
D1-003,LOW,Too many params — processMisterAutoRequest() has 8 parameters,LicencePlateServiceImpl.java,474,D1,,NO
D1-002,MEDIUM,Long method — handleMisterAutoWebServiceResponse() is 35 lines,LicencePlateServiceImpl.java,512,D1,,NO
D1-003,LOW,Too many params — handleMisterAutoWebServiceResponse() has 7 parameters,LicencePlateServiceImpl.java,512,D1,,NO
D1-002,MEDIUM,Long method — processLicensePlateNumberDataIfNotStorable() is 37 lines,LicencePlateServiceImpl.java,680,D1,,NO
D1-003,LOW,Too many params — processLicensePlateNumberDataIfNotStorable() has 6 parameters,LicencePlateServiceImpl.java,680,D1,,NO
D1-002,MEDIUM,Long method — processLicensePlateNumberData() is 33 lines,LicencePlateServiceImpl.java,774,D1,,NO
D1-002,MEDIUM,Long method — removeRedundancy() is 114 lines,LicencePlateServiceImpl.java,938,D1,,NO
D7-001,LOW,Deprecated API — Date used in LicencePlateServiceImpl,LicencePlateServiceImpl.java,633,D7,,NO
D7-001,LOW,Deprecated API — Date used in LicencePlateServiceImpl,LicencePlateServiceImpl.java,634,D7,,NO
D7-001,LOW,Deprecated API — Date used in LicencePlateServiceImpl,LicencePlateServiceImpl.java,655,D7,,NO
D7-001,LOW,Deprecated API — Date used in LicencePlateServiceImpl,LicencePlateServiceImpl.java,656,D7,,NO
D8-001,HIGH,Potential resource leak — FileInputStream in getCertificate(),LicencePlateServiceImpl.java,1215,D8,,YES
D8-001,HIGH,Potential resource leak — InputStream in getCertificate(),LicencePlateServiceImpl.java,1215,D8,,YES
D1-002,MEDIUM,Long method — getReftechModel() is 31 lines,ModelWebServiceImpl.java,247,D1,,NO
D1-002,MEDIUM,Long method — getMappedModels() is 57 lines,ModelWebServiceImpl.java,393,D1,,NO
D1-002,MEDIUM,Long method — callVinDecoder() is 43 lines,VinServiceImpl.java,55,D1,,NO
D1-002,MEDIUM,Long method — logRequest() is 34 lines,WebserviceLogServiceImpl.java,51,D1,,NO
D1-003,LOW,Too many params — logRequest() has 7 parameters,WebserviceLogServiceImpl.java,51,D1,,NO
D7-001,LOW,Deprecated API — Date used in WebserviceLogServiceImpl,WebserviceLogServiceImpl.java,67,D7,,NO
D7-001,LOW,Deprecated API — Date used in WebserviceLogServiceImpl,WebserviceLogServiceImpl.java,67,D7,,NO
D1-003,LOW,Too many params — processValidLpnRequest() has 7 parameters,LicencePlateService.java,31,D1,,NO
D1-003,LOW,Too many params — logRequest() has 7 parameters,WebserviceLogService.java,26,D1,,NO
D1-001,MEDIUM,God class — 26 methods in MisterAutoUtil,MisterAutoUtil.java,0,D1,,NO
D1-001,MEDIUM,God class — 38 methods in ApplicationConfig,ApplicationConfig.java,0,D1,,NO
D1-004,LOW,Magic number 31 in hashCode(),ErrorBean.java,64,D1,,NO
D1-004,LOW,Magic number 31 in hashCode(),GenartOrganMapping.java,42,D1,,NO
D1-004,LOW,Magic number 31 in hashCode(),StatusResponse.java,60,D1,,NO
D1-002,MEDIUM,Long method — callToDocSoa() is 40 lines,ApicDocSoaServiceImpl.java,90,D1,,NO
D1-002,MEDIUM,Long method — getHttpPostEntity() is 45 lines,ApicDocSoaServiceImpl.java,140,D1,,NO
D3-001,MEDIUM,String concat in loop — getHttpPostEntity(),ApicDocSoaServiceImpl.java,156,D3,,YES
D7-001,LOW,Deprecated API — Date used in ApicDocSoaServiceImpl,ApicDocSoaServiceImpl.java,94,D7,,NO
D7-001,LOW,Deprecated API — Date used in ApicDocSoaServiceImpl,ApicDocSoaServiceImpl.java,94,D7,,NO
D7-001,LOW,Deprecated API — Date used in ApicDocSoaServiceImpl,ApicDocSoaServiceImpl.java,122,D7,,NO
D7-001,LOW,Deprecated API — Date used in ApicDocSoaServiceImpl,ApicDocSoaServiceImpl.java,122,D7,,NO
D1-002,MEDIUM,Long method — callCatDataService() is 32 lines,CatdataServiceImpl.java,81,D1,,NO
D7-001,LOW,Deprecated API — Date used in CatdataServiceImpl,CatdataServiceImpl.java,83,D7,,NO
D7-001,LOW,Deprecated API — Date used in CatdataServiceImpl,CatdataServiceImpl.java,83,D7,,NO
D7-001,LOW,Deprecated API — Date used in CatdataServiceImpl,CatdataServiceImpl.java,103,D7,,NO
D7-001,LOW,Deprecated API — Date used in CatdataServiceImpl,CatdataServiceImpl.java,103,D7,,NO
D1-002,MEDIUM,Long method — fetchOEPartList() is 37 lines,OEPartsServiceImpl.java,76,D1,,NO
D1-004,LOW,Magic number 17 in validateParameters(),OEPartsServiceImpl.java,191,D1,,NO
D1-002,MEDIUM,Long method — prepareResponse() is 42 lines,OEPartsServiceImpl.java,314,D1,,NO
D11-001,CRITICAL,Hardcoded credential — API_KEY in Constants,Constants.java,22,D11,,YES
D11-001,CRITICAL,Hardcoded credential — INVALID_API_KEY in Constants,Constants.java,43,D11,,YES
D11-001,CRITICAL,Hardcoded credential — API_KEY_NOT_FOUND in Constants,Constants.java,46,D11,,YES
D11-001,CRITICAL,Hardcoded credential — API_KEY_SPLIT in Constants,Constants.java,97,D11,,YES
D11-001,CRITICAL,Hardcoded credential — VIN2OE_API_TOKEN in Constants,Constants.java,125,D11,,YES
D1-002,MEDIUM,Long method — byGenart() is 33 lines,GenartOrganMappingRepositoryImpl.java,43,D1,,NO
D1-002,MEDIUM,Long method — getOEPartList() is 45 lines,OEPartReferenceResource.java,66,D1,,NO
D1-004,LOW,Magic number 400 in getOEPartList(),OEPartReferenceResource.java,70,D1,,NO
D7-001,LOW,Deprecated API — Date used in OEPartReferenceResource,OEPartReferenceResource.java,76,D7,,NO
D7-001,LOW,Deprecated API — Date used in OEPartReferenceResource,OEPartReferenceResource.java,76,D7,,NO
D7-001,LOW,Deprecated API — Date used in OEPartReferenceResource,OEPartReferenceResource.java,105,D7,,NO
D7-001,LOW,Deprecated API — Date used in OEPartReferenceResource,OEPartReferenceResource.java,105,D7,,NO
D1-001,MEDIUM,God class — 36 methods in ApplicationConfig,ApplicationConfig.java,0,D1,,NO
D1-001,MEDIUM,God class — 72 methods in EsaResponse,EsaResponse.java,0,D1,,NO
D1-002,MEDIUM,Long method — getRpo() is 43 lines,CorvetServiceImpl.java,56,D1,,NO
D1-002,MEDIUM,Long method — setHttpPostEntityForCorvet() is 40 lines,CorvetServiceImpl.java,134,D1,,NO
D1-002,MEDIUM,Long method — getServiceHealth() is 33 lines,HealthServiceImpl.java,42,D1,,NO
D1-002,MEDIUM,Long method — getRpo() is 32 lines,ThubServiceImpl.java,55,D1,,NO
D1-002,MEDIUM,Long method — callToThub() is 54 lines,ThubServiceImpl.java,98,D1,,NO
D11-001,CRITICAL,Hardcoded credential — API_KEY in Constants,Constants.java,14,D11,,YES
D11-001,CRITICAL,Hardcoded credential — PASSWORD in Constants,Constants.java,47,D11,,YES
D1-004,LOW,Magic number 400 in validateRequestParameter(),HealthServiceResource.java,88,D1,,NO
D1-004,LOW,Magic number 401 in validateRequestParameter(),HealthServiceResource.java,88,D1,,NO
D1-004,LOW,Magic number 400 in validateApiKey(),HealthServiceResource.java,103,D1,,NO
D1-004,LOW,Magic number 401 in validateApiKey(),HealthServiceResource.java,103,D1,,NO
D1-002,MEDIUM,Long method — getRpo() is 41 lines,RpoResource.java,72,D1,,NO
D1-004,LOW,Magic number 406 in getRpo(),RpoResource.java,77,D1,,NO
D1-004,LOW,Magic number 400 in validateRequestParameters(),RpoResource.java,124,D1,,NO
D1-004,LOW,Magic number 401 in validateRequestParameters(),RpoResource.java,124,D1,,NO
D1-004,LOW,Magic number 406 in validateRequestParameters(),RpoResource.java,125,D1,,NO
D1-004,LOW,Magic number 400 in validateApiKey(),RpoResource.java,143,D1,,NO
D1-004,LOW,Magic number 401 in validateApiKey(),RpoResource.java,143,D1,,NO
D1-001,MEDIUM,God class — 26 methods in ApplicationConfig,ApplicationConfig.java,0,D1,,NO
D1-004,LOW,Magic number 31 in hashCode(),BrandMappedResponse.java,83,D1,,NO
D1-004,LOW,Magic number 31 in hashCode(),BrandReftechResponse.java,83,D1,,NO
D1-004,LOW,Magic number 31 in hashCode(),BrandResponse.java,127,D1,,NO
D1-001,MEDIUM,God class — 45 methods in CarMappedResponse,CarMappedResponse.java,0,D1,,NO
D1-004,LOW,Magic number 31 in hashCode(),CarMappedResponse.java,477,D1,,NO
D1-001,MEDIUM,God class — 27 methods in CarReftechResponse,CarReftechResponse.java,0,D1,,NO
D1-004,LOW,Magic number 31 in hashCode(),CarReftechResponse.java,279,D1,,NO
D1-001,MEDIUM,God class — 34 methods in ModelMappedResponse,ModelMappedResponse.java,0,D1,,NO
D1-004,LOW,Magic number 31 in hashCode(),ModelMappedResponse.java,361,D1,,NO
D7-001,LOW,Deprecated API — Date used in ModelMappedResponse,ModelMappedResponse.java,218,D7,,NO
D7-001,LOW,Deprecated API — Date used in ModelMappedResponse,ModelMappedResponse.java,236,D7,,NO
D7-001,LOW,Deprecated API — Date used in ModelMappedResponse,ModelMappedResponse.java,345,D7,,NO
D1-001,MEDIUM,God class — 21 methods in ModelReftechResponse,ModelReftechResponse.java,0,D1,,NO
D1-004,LOW,Magic number 31 in hashCode(),ModelReftechResponse.java,219,D1,,NO
D1-001,MEDIUM,God class — 31 methods in ModelResponse,ModelResponse.java,0,D1,,NO
D1-004,LOW,Magic number 31 in hashCode(),ModelResponse.java,321,D1,,NO
D7-001,LOW,Deprecated API — Date used in ModelResponse,ModelResponse.java,103,D7,,NO
D7-001,LOW,Deprecated API — Date used in ModelResponse,ModelResponse.java,121,D7,,NO
D7-001,LOW,Deprecated API — Date used in ModelResponse,ModelResponse.java,305,D7,,NO
D1-002,MEDIUM,Long method — getCarIdentifierCount() is 31 lines,CountWebServiceJpaRepository.java,40,D1,,NO
D1-002,MEDIUM,Long method — getBrandMapResponse() is 42 lines,BrandWebServiceImpl.java,201,D1,,NO
D1-003,LOW,Too many params — filterCarsforvehicleType() has 6 parameters,CarWebServiceImpl.java,227,D1,,NO
D1-002,MEDIUM,Long method — setResponseData() is 78 lines,CarWebServiceImpl.java,282,D1,,NO
D1-002,MEDIUM,Long method — getMappedCars() is 59 lines,CarWebServiceImpl.java,436,D1,,NO
D1-002,MEDIUM,Long method — setMappedResponseData() is 83 lines,CarWebServiceImpl.java,535,D1,,NO
D1-002,MEDIUM,Long method — setReftechCarMappedResponse() is 39 lines,CarWebServiceImpl.java,628,D1,,NO
D1-003,LOW,Too many params — setReftechCarResponse() has 7 parameters,CarWebServiceImpl.java,723,D1,,NO
D1-002,MEDIUM,Long method — getReftechModel() is 31 lines,ModelWebServiceImpl.java,247,D1,,NO
D1-002,MEDIUM,Long method — getMappedModels() is 57 lines,ModelWebServiceImpl.java,393,D1,,NO
D11-001,CRITICAL,Hardcoded credential — REQUEST_HEADER_API_KEY in Constants,Constants.java,72,D11,,YES
D11-001,CRITICAL,Hardcoded credential — CIN_API_KEY in Constants,Constants.java,157,D11,,YES
D1-001,MEDIUM,God class — 26 methods in MisterAutoUtil,MisterAutoUtil.java,0,D1,,NO
D11-001,CRITICAL,Hardcoded credential — NULL_API_KEY in ResponseMessages,ResponseMessages.java,15,D11,,YES
D11-001,CRITICAL,Hardcoded credential — EMPTY_API_KEY in ResponseMessages,ResponseMessages.java,16,D11,,YES
D11-001,CRITICAL,Hardcoded credential — INVALID_API_KEY in ResponseMessages,ResponseMessages.java,17,D11,,YES
D1-001,MEDIUM,God class — 27 methods in AbstractResource,AbstractResource.java,0,D1,,NO
D1-002,MEDIUM,Long method — callCinApiWebService() is 34 lines,AbstractResource.java,481,D1,,NO
D1-002,MEDIUM,Long method — get() is 36 lines,BrandResource.java,60,D1,,NO
D1-002,MEDIUM,Long method — get() is 56 lines,CarResource.java,103,D1,,NO
D1-003,LOW,Too many params — get() has 10 parameters,CarResource.java,103,D1,,NO
D1-002,MEDIUM,Long method — getMappedResponse() is 36 lines,CarResource.java,249,D1,,NO
D1-003,LOW,Too many params — setRequestType() has 6 parameters,CarResource.java,297,D1,,NO
D1-002,MEDIUM,Long method — processKbaWebService() is 44 lines,CarResource.java,374,D1,,NO
D1-002,MEDIUM,Long method — get() is 48 lines,ModelResource.java,76,D1,,NO
D1-001,MEDIUM,God class — 186 methods in ApplicationConfig,ApplicationConfig.java,0,D1,,NO
D1-002,MEDIUM,Long method — init() is 45 lines,CorvetRequestTestDefault.java,12,D1,,NO
D1-002,MEDIUM,Long method — getCountryConfigValue() is 32 lines,SagaiDeployedRepositoryImpl.java,57,D1,,NO
D1-002,MEDIUM,Long method — getSagaiCountryID() is 31 lines,SagaiDeployedRepositoryImpl.java,96,D1,,NO
D1-002,MEDIUM,Long method — byServiceHistory() is 40 lines,ServiceHistoryRepositoryImpl.java,103,D1,,NO
D1-002,MEDIUM,Long method — getVehicleDetailsByLcdv4() is 34 lines,VehicleDescriptionDetailsRepositoryImpl.java,47,D1,,NO
D1-002,MEDIUM,Long method — getVehicleDetailsByLcdv4() is 38 lines,VehicleDescriptionDetailsRepositoryImpl.java,83,D1,,NO
D1-002,MEDIUM,Long method — byVehicleIdentificationNumber() is 39 lines,VehicleIdentificationNumberJpaRepository.java,83,D1,,NO
D1-002,MEDIUM,Long method — byVisIdentifier() is 38 lines,VehicleIdentifierSectionRepositoryImpl.java,41,D1,,NO
D1-002,MEDIUM,Long method — getBrand() is 32 lines,VinBrandRepositoryImpl.java,48,D1,,NO
D1-002,MEDIUM,Long method — byVinWarranty() is 39 lines,VinWarrantyJpaRepository.java,49,D1,,NO
D1-004,LOW,Magic number 31 in hashCode(),CicsConfiguration.java,110,D1,,NO
D1-001,MEDIUM,God class — 32 methods in ApplicableServiceCampaignsJsonRepresentation,ApplicableServiceCampaignsJsonRepresentation.java,0,D1,,NO
D1-001,MEDIUM,God class — 22 methods in ApplicableWarrantyClaimsJsonRepresentation,ApplicableWarrantyClaimsJsonRepresentation.java,0,D1,,NO
D1-001,MEDIUM,God class — 58 methods in CorvetVehiculeListJsonResponse,CorvetVehiculeListJsonResponse.java,0,D1,,NO
D1-004,LOW,Magic number 31 in hashCode(),CountryConstRangeResponse.java,81,D1,,NO
D7-001,LOW,Deprecated API — Date used in CountryConstRangeResponse,CountryConstRangeResponse.java,65,D7,,NO
D1-001,MEDIUM,God class — 32 methods in EsaResponseJson,EsaResponseJson.java,0,D1,,NO
D1-001,MEDIUM,God class — 104 methods in LicensePlateJsonRepresentation,LicensePlateJsonRepresentation.java,0,D1,,NO
D1-001,MEDIUM,God class — 24 methods in SagaiWarrantyContractJsonResponse,SagaiWarrantyContractJsonResponse.java,0,D1,,NO
D1-001,MEDIUM,God class — 34 methods in SagaiWarrantyContractListJsonResponse,SagaiWarrantyContractListJsonResponse.java,0,D1,,NO
D1-001,MEDIUM,God class — 52 methods in SagaiWarrantyProductsJsonResponse,SagaiWarrantyProductsJsonResponse.java,0,D1,,NO
D1-001,MEDIUM,God class — 36 methods in SagaiWarrantyQuantitiesJsonResponse,SagaiWarrantyQuantitiesJsonResponse.java,0,D1,,NO
D1-001,MEDIUM,God class — 22 methods in ServiceDealerJsonResponse,ServiceDealerJsonResponse.java,0,D1,,NO
D1-001,MEDIUM,God class — 30 methods in ServiceHistoryJson,ServiceHistoryJson.java,0,D1,,NO
D1-001,MEDIUM,God class — 152 methods in TraxioJsonRepresentation,TraxioJsonRepresentation.java,0,D1,,NO
D1-001,MEDIUM,God class — 72 methods in VehicleJsonRepresentation,VehicleJsonRepresentation.java,0,D1,,NO
D7-001,LOW,Deprecated API — Date used in ServiceHistory,ServiceHistory.java,40,D7,,NO
D7-001,LOW,Deprecated API — Date used in ServiceHistory,ServiceHistory.java,83,D7,,NO
D7-001,LOW,Deprecated API — Date used in ServiceHistory,ServiceHistory.java,92,D7,,NO
D1-004,LOW,Magic number 31 in hashCode(),ServiceHistoryIdentifier.java,95,D1,,NO
D1-001,MEDIUM,God class — 24 methods in VehicleDescriptionDetails,VehicleDescriptionDetails.java,0,D1,,NO
D1-002,MEDIUM,Long method — equals() is 48 lines,VehicleDescriptionDetails.java,239,D1,,NO
D1-004,LOW,Magic number 31 in hashCode(),VehicleDescriptionDetails.java,314,D1,,NO
D7-001,LOW,Deprecated API — Date used in VehicleDescriptionDetails,VehicleDescriptionDetails.java,34,D7,,NO
D7-001,LOW,Deprecated API — Date used in VehicleDescriptionDetails,VehicleDescriptionDetails.java,37,D7,,NO
D7-001,LOW,Deprecated API — Date used in VehicleDescriptionDetails,VehicleDescriptionDetails.java,46,D7,,NO
D7-001,LOW,Deprecated API — Date used in VehicleDescriptionDetails,VehicleDescriptionDetails.java,49,D7,,NO
D7-001,LOW,Deprecated API — Date used in VehicleDescriptionDetails,VehicleDescriptionDetails.java,95,D7,,NO
D7-001,LOW,Deprecated API — Date used in VehicleDescriptionDetails,VehicleDescriptionDetails.java,104,D7,,NO
D7-001,LOW,Deprecated API — Date used in VehicleDescriptionDetails,VehicleDescriptionDetails.java,113,D7,,NO
D7-001,LOW,Deprecated API — Date used in VehicleDescriptionDetails,VehicleDescriptionDetails.java,122,D7,,NO
D7-001,LOW,Deprecated API — Date used in VehicleDescriptionDetails,VehicleDescriptionDetails.java,167,D7,,NO
D7-001,LOW,Deprecated API — Date used in VehicleDescriptionDetails,VehicleDescriptionDetails.java,176,D7,,NO
D7-001,LOW,Deprecated API — Date used in VehicleDescriptionDetails,VehicleDescriptionDetails.java,185,D7,,NO
D7-001,LOW,Deprecated API — Date used in VehicleDescriptionDetails,VehicleDescriptionDetails.java,194,D7,,NO
D7-001,LOW,Deprecated API — Date used in VehicleIdentificationNumber,VehicleIdentificationNumber.java,40,D7,,NO
D7-001,LOW,Deprecated API — Date used in VehicleIdentificationNumber,VehicleIdentificationNumber.java,65,D7,,NO
D7-001,LOW,Deprecated API — Date used in VehicleIdentificationNumber,VehicleIdentificationNumber.java,74,D7,,NO
D7-001,LOW,Deprecated API — Date used in VehicleIdentifierSection,VehicleIdentifierSection.java,34,D7,,NO
D7-001,LOW,Deprecated API — Date used in VehicleIdentifierSection,VehicleIdentifierSection.java,99,D7,,NO
D7-001,LOW,Deprecated API — Date used in VehicleIdentifierSection,VehicleIdentifierSection.java,108,D7,,NO
D7-001,LOW,Deprecated API — Date used in VinWarranty,VinWarranty.java,39,D7,,NO
D7-001,LOW,Deprecated API — Date used in VinWarranty,VinWarranty.java,82,D7,,NO
D7-001,LOW,Deprecated API — Date used in VinWarranty,VinWarranty.java,91,D7,,NO
D1-001,MEDIUM,God class — 37 methods in AbstractService,AbstractService.java,0,D1,,NO
D1-003,LOW,Too many params — insertVinData() has 6 parameters,AbstractService.java,126,D1,,NO
D1-002,MEDIUM,Long method — getTechDocKTypeDataForKType() is 39 lines,AbstractService.java,360,D1,,NO
D7-001,LOW,Deprecated API — Date used in AbstractService,AbstractService.java,437,D7,,NO
D7-001,LOW,Deprecated API — Date used in AbstractService,AbstractService.java,438,D7,,NO
D7-001,LOW,Deprecated API — Date used in AbstractService,AbstractService.java,457,D7,,NO
D7-001,LOW,Deprecated API — Date used in AbstractService,AbstractService.java,458,D7,,NO
D7-001,LOW,Deprecated API — Date used in AbstractService,AbstractService.java,474,D7,,NO
D7-001,LOW,Deprecated API — Date used in AbstractService,AbstractService.java,478,D7,,NO
D1-001,MEDIUM,God class — 27 methods in CartellServiceImpl,CartellServiceImpl.java,0,D1,,NO
D1-002,MEDIUM,Long method — processVehicleIdentificationNumberData() is 31 lines,CartellServiceImpl.java,353,D1,,NO
D1-002,MEDIUM,Long method — getKtypeFromvinJson() is 46 lines,CartellServiceImpl.java,393,D1,,NO
D1-002,MEDIUM,Long method — processVinResponseIfDetailsIsTrue() is 43 lines,CartellServiceImpl.java,465,D1,,NO
D1-003,LOW,Too many params — processVinResponseIfDetailsIsTrue() has 6 parameters,CartellServiceImpl.java,465,D1,,NO
D1-002,MEDIUM,Long method — handleLicensePlateData() is 47 lines,CartellServiceImpl.java,518,D1,,NO
D1-003,LOW,Too many params — processIfVinDataFoundInDatabase() has 7 parameters,CartellServiceImpl.java,643,D1,,NO
D1-003,LOW,Too many params — fetchVinData() has 7 parameters,CartellServiceImpl.java,674,D1,,NO
D1-003,LOW,Too many params — handleCartellWebServiceResponse() has 7 parameters,CartellServiceImpl.java,813,D1,,NO
D1-001,MEDIUM,God class — 28 methods in CorvetServiceImpl,CorvetServiceImpl.java,0,D1,,NO
D1-002,MEDIUM,Long method — getCorvetResponse() is 42 lines,CorvetServiceImpl.java,119,D1,,NO
D1-002,MEDIUM,Long method — callCorvetForVinDetails() is 56 lines,CorvetServiceImpl.java,177,D1,,NO
D1-003,LOW,Too many params — callCorvetForVinDetails() has 6 parameters,CorvetServiceImpl.java,177,D1,,NO
D1-002,MEDIUM,Long method — callToCovert() is 65 lines,CorvetServiceImpl.java,266,D1,,NO
D1-002,MEDIUM,Long method — setHttpPostEntityForCorvet() is 55 lines,CorvetServiceImpl.java,340,D1,,NO
D1-002,MEDIUM,Long method — mapPcdCorvetResponse() is 67 lines,CorvetServiceImpl.java,408,D1,,NO
D1-002,MEDIUM,Long method — setResponseWhenDetailsFalse() is 36 lines,CorvetServiceImpl.java,484,D1,,NO
D1-002,MEDIUM,Long method — setResponseWhenDetailsTrue() is 98 lines,CorvetServiceImpl.java,529,D1,,NO
D1-002,MEDIUM,Long method — setDocToDisplayValue() is 75 lines,CorvetServiceImpl.java,665,D1,,NO
D1-002,MEDIUM,Long method — calculateDocToDisplay() is 33 lines,CorvetServiceImpl.java,751,D1,,NO
D1-002,MEDIUM,Long method — getCorvetResponseFromCinCorvet() is 49 lines,CorvetServiceImpl.java,857,D1,,NO
D1-002,MEDIUM,Long method — callCinCorvetForVinDetails() is 58 lines,CorvetServiceImpl.java,922,D1,,NO
D1-003,LOW,Too many params — callCinCorvetForVinDetails() has 6 parameters,CorvetServiceImpl.java,922,D1,,NO
D1-002,MEDIUM,Long method — setHttpPostEntityForCinCorvet() is 57 lines,CorvetServiceImpl.java,1013,D1,,NO
D1-002,MEDIUM,Long method — mapPcdCinCorvetResponse() is 114 lines,CorvetServiceImpl.java,1078,D1,,NO
D1-002,MEDIUM,Long method — setResponseWhenCinDetailsTrue() is 99 lines,CorvetServiceImpl.java,1302,D1,,NO
D1-002,MEDIUM,Long method — callCorvetForVinDetails() is 41 lines,CorvetServiceImpl.java,1492,D1,,NO
D7-001,LOW,Deprecated API — Date used in CorvetServiceImpl,CorvetServiceImpl.java,643,D7,,NO
D7-001,LOW,Deprecated API — Date used in CorvetServiceImpl,CorvetServiceImpl.java,676,D7,,NO
D7-001,LOW,Deprecated API — Date used in CorvetServiceImpl,CorvetServiceImpl.java,677,D7,,NO
D1-001,MEDIUM,God class — 25 methods in ElectronicServiceAssistantServiceImpl,ElectronicServiceAssistantServiceImpl.java,0,D1,,NO
D1-002,MEDIUM,Long method — getVinResponseFromEsa() is 40 lines,ElectronicServiceAssistantServiceImpl.java,139,D1,,NO
D1-002,MEDIUM,Long method — fetchVehicleDescriptionForNonDaig() is 35 lines,ElectronicServiceAssistantServiceImpl.java,230,D1,,NO
D1-002,MEDIUM,Long method — getVinDetailsFromESA() is 38 lines,ElectronicServiceAssistantServiceImpl.java,307,D1,,NO
D1-002,MEDIUM,Long method — constructEsaVinResponse() is 33 lines,ElectronicServiceAssistantServiceImpl.java,436,D1,,NO
D1-002,MEDIUM,Long method — getLicensePlateDataForVin() is 38 lines,ElectronicServiceAssistantServiceImpl.java,590,D1,,NO
D1-002,MEDIUM,Long method — mapPcdResponse() is 109 lines,ElectronicServiceAssistantServiceImpl.java,656,D1,,NO
D1-002,MEDIUM,Long method — handleWarrantyResponse() is 121 lines,ElectronicServiceAssistantServiceImpl.java,789,D1,,NO
D1-002,MEDIUM,Long method — labourOperations() is 66 lines,ElectronicServiceAssistantServiceImpl.java,1059,D1,,NO
D1-002,MEDIUM,Long method — createServiceHistoryResponse() is 36 lines,EsaServiceHistoryImpl.java,119,D1,,NO
D1-002,MEDIUM,Long method — mapServiceHistoryResponse() is 48 lines,EsaServiceHistoryImpl.java,212,D1,,NO
D1-002,MEDIUM,Long method — mapOperationsResponse() is 39 lines,EsaServiceHistoryImpl.java,268,D1,,NO
D1-002,MEDIUM,Long method — getLatestMileageDetails() is 46 lines,EsaServiceHistoryImpl.java,335,D1,,NO
D1-002,MEDIUM,Long method — getVinResponse() is 35 lines,RecoverDescriptionServiceImpl.java,130,D1,,NO
D1-002,MEDIUM,Long method — fetchVehicleDescriptionForDaig() is 43 lines,RecoverDescriptionServiceImpl.java,175,D1,,NO
D1-004,LOW,Magic number 408 in fetchVehicleDescriptionForDaig(),RecoverDescriptionServiceImpl.java,205,D1,,NO
D1-002,MEDIUM,Long method — fetchVehicleDescriptionForNonDaig() is 43 lines,RecoverDescriptionServiceImpl.java,229,D1,,NO
D1-004,LOW,Magic number 408 in fetchVehicleDescriptionForNonDaig(),RecoverDescriptionServiceImpl.java,264,D1,,NO
D1-002,MEDIUM,Long method — checkForHub() is 32 lines,RecoverDescriptionServiceImpl.java,281,D1,,NO
D1-002,MEDIUM,Long method — processVinData() is 31 lines,RecoverDescriptionServiceImpl.java,322,D1,,NO
D1-004,LOW,Magic number 4 in processVinData(),RecoverDescriptionServiceImpl.java,345,D1,,NO
D1-002,MEDIUM,Long method — mapPcdResponse() is 108 lines,RecoverDescriptionServiceImpl.java,555,D1,,NO
D1-002,MEDIUM,Long method — getLicensePlateDataForVin() is 39 lines,RecoverDescriptionServiceImpl.java,721,D1,,NO
D1-002,MEDIUM,Long method — handleWarrantyResponse() is 72 lines,RecoverDescriptionServiceImpl.java,768,D1,,NO
D1-002,MEDIUM,Long method — getSagaiContract() is 40 lines,SagaiContractServiceImpl.java,71,D1,,NO
D1-002,MEDIUM,Long method — callSagaiService() is 35 lines,SagaiContractServiceImpl.java,159,D1,,NO
D1-001,MEDIUM,God class — 28 methods in SagaiWarrantyServiceImpl,SagaiWarrantyServiceImpl.java,0,D1,,NO
D1-002,MEDIUM,Long method — setSagaiWarranty() is 37 lines,SagaiWarrantyServiceImpl.java,154,D1,,NO
D1-002,MEDIUM,Long method — setSagaiWarrantyClaimsCentral() is 48 lines,SagaiWarrantyServiceImpl.java,199,D1,,NO
D1-002,MEDIUM,Long method — setSagaiWarrantyClaimsLocal() is 48 lines,SagaiWarrantyServiceImpl.java,255,D1,,NO
D1-003,LOW,Too many params — setSagaiWarrantyClaimDetails() has 7 parameters,SagaiWarrantyServiceImpl.java,317,D1,,NO
D1-002,MEDIUM,Long method — setSagaiWarrantyClaimsData() is 79 lines,SagaiWarrantyServiceImpl.java,353,D1,,NO
D1-002,MEDIUM,Long method — setSagaiWarrantyOvData() is 54 lines,SagaiWarrantyServiceImpl.java,440,D1,,NO
D1-002,MEDIUM,Long method — setSagaiRecallCampaigns() is 49 lines,SagaiWarrantyServiceImpl.java,501,D1,,NO
D1-002,MEDIUM,Long method — callErecaService() is 38 lines,SagaiWarrantyServiceImpl.java,598,D1,,NO
D1-002,MEDIUM,Long method — getResponseFromSagai() is 44 lines,SagaiWarrantyServiceImpl.java,849,D1,,NO
D1-002,MEDIUM,Long method — mapPcdSagaiResponse() is 45 lines,SagaiWarrantyServiceImpl.java,903,D1,,NO
D1-002,MEDIUM,Long method — setSagaiWarranty() is 52 lines,SagaiZosServiceImpl.java,87,D1,,NO
D1-002,MEDIUM,Long method — setSagaiWarrantyClaimsCentral() is 58 lines,SagaiZosServiceImpl.java,148,D1,,NO
D1-002,MEDIUM,Long method — setSagaiWarrantyClaimsLocal() is 59 lines,SagaiZosServiceImpl.java,215,D1,,NO
D1-002,MEDIUM,Long method — setSagaiWarrantyClaimDetails() is 40 lines,SagaiZosServiceImpl.java,289,D1,,NO
D1-003,LOW,Too many params — setSagaiWarrantyClaimDetails() has 6 parameters,SagaiZosServiceImpl.java,289,D1,,NO
D1-002,MEDIUM,Long method — setSagaiWarrantyOvData() is 54 lines,SagaiZosServiceImpl.java,351,D1,,NO
D1-002,MEDIUM,Long method — setSagaiWarrantyClaimsData() is 79 lines,SagaiZosServiceImpl.java,415,D1,,NO
D1-002,MEDIUM,Long method — getVehiculeFromSagai() is 39 lines,SagaiZosServiceImpl.java,559,D1,,NO
D1-002,MEDIUM,Long method — getAlcdvForVin() is 67 lines,ThubServiceImpl.java,89,D1,,NO
D1-002,MEDIUM,Long method — mapAlcdvDataResponse() is 134 lines,ThubServiceImpl.java,197,D1,,NO
D1-002,MEDIUM,Long method — setDocToDisplayValue() is 77 lines,ThubServiceImpl.java,341,D1,,NO
D1-002,MEDIUM,Long method — calculateDocToDisplay() is 34 lines,ThubServiceImpl.java,429,D1,,NO
D1-002,MEDIUM,Long method — getAlcdvForCinVin() is 67 lines,ThubServiceImpl.java,518,D1,,NO
D1-002,MEDIUM,Long method — mapAlcdvDataResponseForCinVin() is 89 lines,ThubServiceImpl.java,598,D1,,NO
D1-002,MEDIUM,Long method — setResponseForDetailsTrue() is 89 lines,ThubServiceImpl.java,695,D1,,NO
D1-002,MEDIUM,Long method — callToThub() is 47 lines,ThubServiceImpl.java,826,D1,,NO
D7-001,LOW,Deprecated API — Date used in ThubServiceImpl,ThubServiceImpl.java,356,D7,,NO
D7-001,LOW,Deprecated API — Date used in ThubServiceImpl,ThubServiceImpl.java,357,D7,,NO
D7-001,LOW,Deprecated API — Date used in ThubServiceImpl,ThubServiceImpl.java,504,D7,,NO
D1-002,MEDIUM,Long method — callTraxioService() is 44 lines,TraxioServiceImpl.java,73,D1,,NO
D1-003,LOW,Too many params — constructJsonObjectString() has 6 parameters,TraxioServiceImpl.java,211,D1,,NO
D1-002,MEDIUM,Long method — getBrandFromCorvet() is 46 lines,VinBrandServiceImpl.java,99,D1,,NO
D1-002,MEDIUM,Long method — getBrandFromEsa() is 44 lines,VinBrandServiceImpl.java,152,D1,,NO
D1-001,MEDIUM,God class — 24 methods in VISServiceImpl,VISServiceImpl.java,0,D1,,NO
D1-002,MEDIUM,Long method — getVisResponse() is 54 lines,VISServiceImpl.java,104,D1,,NO
D1-002,MEDIUM,Long method — getLpnResponse() is 36 lines,VISServiceImpl.java,227,D1,,NO
D1-002,MEDIUM,Long method — createResponse() is 37 lines,VISServiceImpl.java,272,D1,,NO
D1-002,MEDIUM,Long method — mapCorvetVisResponse() is 38 lines,VISServiceImpl.java,483,D1,,NO
D1-002,MEDIUM,Long method — getVisResponseForNewFlow() is 43 lines,VISServiceImpl.java,564,D1,,NO
D1-004,LOW,Magic number 408 in getVisResponseForNewFlow(),VISServiceImpl.java,590,D1,,NO
D1-004,LOW,Magic number 406 in getVisResponseForNewFlow(),VISServiceImpl.java,593,D1,,NO
D1-002,MEDIUM,Long method — createResponseFromDatabase() is 35 lines,VISServiceImpl.java,635,D1,,NO
D1-002,MEDIUM,Long method — mapCorvetVisResponseForNewFlow() is 47 lines,VISServiceImpl.java,681,D1,,NO
D1-002,MEDIUM,Long method — setVisCinCorvetResponse() is 33 lines,VISServiceImpl.java,738,D1,,NO
D1-002,MEDIUM,Long method — createResponseFromLpnData() is 33 lines,VISServiceImpl.java,878,D1,,NO
D1-001,MEDIUM,God class — 21 methods in ActiveContractsRequestParameter,ActiveContractsRequestParameter.java,0,D1,,NO
D7-001,LOW,Deprecated API — StringBuffer used in ActiveContractsRequestParameter,ActiveContractsRequestParameter.java,51,D7,,NO
D11-001,CRITICAL,Hardcoded credential — API_KEY in Constants,Constants.java,567,D11,,YES
D11-001,CRITICAL,Hardcoded credential — API_KEY_SPLIT in Constants,Constants.java,737,D11,,YES
D1-001,MEDIUM,God class — 54 methods in VinRequestParameter,VinRequestParameter.java,0,D1,,NO
D1-002,MEDIUM,Long method — getActiveContracts() is 68 lines,ActiveContractResource.java,71,D1,,NO
D1-003,LOW,Too many params — getActiveContracts() has 9 parameters,ActiveContractResource.java,71,D1,,NO
D7-001,LOW,Deprecated API — Date used in ActiveContractResource,ActiveContractResource.java,108,D7,,NO
D1-002,MEDIUM,Long method — getOVHealth() is 56 lines,HealthResource.java,96,D1,,NO
D1-002,MEDIUM,Long method — getSagaiWarrantyHealth() is 55 lines,HealthResource.java,159,D1,,NO
D1-002,MEDIUM,Long method — getContractsHealth() is 54 lines,HealthResource.java,221,D1,,NO
D1-002,MEDIUM,Long method — getErecaHealth() is 49 lines,HealthResource.java,282,D1,,NO
D1-002,MEDIUM,Long method — getCorvetHealth() is 62 lines,HealthResource.java,338,D1,,NO
D1-002,MEDIUM,Long method — getDaiHealth() is 82 lines,HealthResource.java,407,D1,,NO
D1-004,LOW,Magic number 6 in getDaiHealth(),HealthResource.java,433,D1,,NO
D1-002,MEDIUM,Long method — getCartellHealth() is 53 lines,HealthResource.java,496,D1,,NO
D1-002,MEDIUM,Long method — validateKType() is 40 lines,HealthResource.java,641,D1,,NO
D1-002,MEDIUM,Long method — validateFName() is 40 lines,HealthResource.java,694,D1,,NO
D7-001,LOW,Deprecated API — Date used in HealthResource,HealthResource.java,464,D7,,NO
D1-002,MEDIUM,Long method — getVins() is 179 lines,VehicleIdentificationNumberResource.java,112,D1,,NO
D1-003,LOW,Too many params — getVins() has 21 parameters,VehicleIdentificationNumberResource.java,112,D1,,NO
D1-004,LOW,Magic number 408 in getVins(),VehicleIdentificationNumberResource.java,243,D1,,NO
D1-002,MEDIUM,Long method — idToCheckValue() is 50 lines,VehicleIdentificationNumberResource.java,300,D1,,NO
D1-002,MEDIUM,Long method — getSagaiWarrantyContracts() is 59 lines,VehicleIdentificationNumberResource.java,469,D1,,NO
D1-003,LOW,Too many params — getSagaiWarrantyContracts() has 6 parameters,VehicleIdentificationNumberResource.java,469,D1,,NO
D1-002,MEDIUM,Long method — idToCheckValueForNewFlow() is 64 lines,VehicleIdentificationNumberResource.java,596,D1,,NO
D1-004,LOW,Magic number 408 in idToCheckValueForNewFlow(),VehicleIdentificationNumberResource.java,636,D1,,NO
D1-004,LOW,Magic number 406 in idToCheckValueForNewFlow(),VehicleIdentificationNumberResource.java,638,D1,,NO
D1-004,LOW,Magic number 406 in idToCheckValueForNewFlow(),VehicleIdentificationNumberResource.java,640,D1,,NO
D1-002,MEDIUM,Long method — doProcess() is 61 lines,ProcessIN02.java,36,D1,,NO
D3-001,MEDIUM,String concat in loop — doProcess(),ProcessIN02.java,46,D3,,NO
D1-002,MEDIUM,Long method — doProcess() is 38 lines,ProcessIN07.java,37,D1,,NO
D1-002,MEDIUM,Long method — getDetailMO() is 31 lines,ProcessIN07.java,83,D1,,NO
D1-002,MEDIUM,Long method — getDetailPR() is 38 lines,ProcessIN07.java,122,D1,,NO
D1-002,MEDIUM,Long method — doProcessVinVe01() is 122 lines,ProcessVe01.java,27,D1,,NO
D1-002,MEDIUM,Long method — callSagai() is 66 lines,SagaiMain.java,79,D1,,NO
D1-002,MEDIUM,Long method — callSagaiForDidc() is 38 lines,SagaiMain.java,167,D1,,NO
D1-002,MEDIUM,Long method — getHttpPostEntity() is 53 lines,SagaiMain.java,226,D1,,NO
D1-004,LOW,Magic number 3 in getHttpPostEntity(),SagaiMain.java,258,D1,,NO
D1-004,LOW,Magic number 3 in getHttpPostEntity(),SagaiMain.java,260,D1,,NO
D1-004,LOW,Magic number 9 in getHttpPostEntity(),SagaiMain.java,260,D1,,NO
D1-004,LOW,Magic number 9 in getHttpPostEntity(),SagaiMain.java,262,D1,,NO
D1-004,LOW,Magic number 17 in getHttpPostEntity(),SagaiMain.java,262,D1,,NO
D8-001,HIGH,Potential resource leak — Connection in callSagai(),SagaiMain.java,79,D8,,YES
D1-002,MEDIUM,Long method — getResponsefromSagai() is 40 lines,SagaiServiceCall.java,76,D1,,NO
D1-001,MEDIUM,God class — 42 methods in VinRequestParameter,VinRequestParameter.java,0,D1,,NO
D7-001,LOW,Deprecated API — Date used in CountryConstRangeResponse,CountryConstRangeResponse.java,62,D7,,NO
D1-001,MEDIUM,God class — 32 methods in EsaResponse,EsaResponse.java,0,D1,,NO
D1-001,MEDIUM,God class — 105 methods in LicensePlateJsonResponse,LicensePlateJsonResponse.java,0,D1,,NO
D1-001,MEDIUM,God class — 106 methods in PcdDataResponse,PcdDataResponse.java,0,D1,,NO
D1-001,MEDIUM,God class — 38 methods in RecallCampaignsOVResponse,RecallCampaignsOVResponse.java,0,D1,,NO
D1-001,MEDIUM,God class — 30 methods in SagaiLcdv,SagaiLcdv.java,0,D1,,NO
D1-001,MEDIUM,God class — 26 methods in ServiceDealerResponse,ServiceDealerResponse.java,0,D1,,NO
D1-001,MEDIUM,God class — 24 methods in ServiceHistoryResponse,ServiceHistoryResponse.java,0,D1,,NO
D1-001,MEDIUM,God class — 67 methods in VinCarResponse,VinCarResponse.java,0,D1,,NO
D7-001,LOW,Deprecated API — Date used in VinCarResponse,VinCarResponse.java,709,D7,,NO
D1-001,MEDIUM,God class — 46 methods in WarrantyClaimsResponse,WarrantyClaimsResponse.java,0,D1,,NO
D1-001,MEDIUM,God class — 60 methods in WarrantyResponse,WarrantyResponse.java,0,D1,,NO
D1-001,MEDIUM,God class — 24 methods in SagaiWarrantyContractJsonResponse,SagaiWarrantyContractJsonResponse.java,0,D1,,NO
D1-001,MEDIUM,God class — 34 methods in SagaiWarrantyContractListJsonResponse,SagaiWarrantyContractListJsonResponse.java,0,D1,,NO
D1-001,MEDIUM,God class — 52 methods in SagaiWarrantyProductsJsonResponse,SagaiWarrantyProductsJsonResponse.java,0,D1,,NO
D1-001,MEDIUM,God class — 36 methods in SagaiWarrantyQuantitiesJsonResponse,SagaiWarrantyQuantitiesJsonResponse.java,0,D1,,NO
